"fecha","ciudad","lluvia_mm","temp_max","viento_max","humedad_pm","presion_pm","nubosidad_pm"
2009-01-01,"Sydney",0,35.1,72,13,1000.2,6
2009-01-02,"Sydney",0,23,63,58,1014.1,6
2009-01-04,"Sydney",0,27.1,65,51,1014.9,1
2009-01-05,"Sydney",0,31.6,63,52,1008,3
2009-01-06,"Sydney",0,29.7,41,54,1007.8,1
2009-01-07,"Sydney",0,34.9,59,52,1004.7,7
2009-01-08,"Sydney",0.2,21.7,56,78,1013.6,8
2009-01-09,"Sydney",0,22.9,50,44,1018.8,5
2009-01-10,"Sydney",0,24,48,44,1013.8,6
2009-01-11,"Sydney",0,26.6,54,48,1011.3,1
2009-01-12,"Sydney",0.8,24,39,72,1016.5,3
2009-01-13,"Sydney",0.6,27.9,59,48,1016.1,1
2009-01-14,"Sydney",0,32,67,39,1010.5,1
2009-01-15,"Sydney",0,38.8,81,43,1006.6,6
2009-01-16,"Sydney",5.4,26.3,54,54,1008.9,0
2009-01-17,"Sydney",0,20.7,54,57,1020.8,3
2009-01-18,"Sydney",0,25,43,43,1019.8,1
2009-01-19,"Sydney",0,27.3,59,49,1014.7,6
2009-01-20,"Sydney",0,31.7,67,38,1009.9,1
2009-01-21,"Sydney",3,33.7,59,45,1007.6,3
2009-01-22,"Sydney",0.6,34.6,63,40,1004.8,5
2009-01-23,"Sydney",0,32.1,80,56,1007.3,1
2009-01-24,"Sydney",0,41.8,69,37,1002.9,2
2009-01-25,"Sydney",0,25,44,52,1018.5,4
2009-01-26,"Sydney",0,24.9,39,81,1019.3,7
2009-01-27,"Sydney",8.2,24.6,39,96,1020.1,8
2009-01-28,"Sydney",0.2,29.4,54,50,1015.5,0
2009-01-29,"Sydney",0,30,57,59,1016.2,1
2009-01-30,"Sydney",0,30.2,61,48,1015.4,0
2009-01-31,"Sydney",0,31.2,61,51,1013.9,3
2009-02-01,"Sydney",0,28.2,41,69,1016.2,6
2009-02-02,"Sydney",0,30.4,63,48,1011.8,3
2009-02-03,"Sydney",0,28.3,46,63,1010.2,5
2009-02-04,"Sydney",0,28,37,64,1009.2,3
2009-02-05,"Sydney",0,31.5,63,52,1005.4,1
2009-02-06,"Sydney",0,31.7,59,53,1008.1,1
2009-02-07,"Sydney",0,34.9,67,32,1009.9,0
2009-02-08,"Sydney",0,31.1,59,43,1007.1,1
2009-02-09,"Sydney",0,21.5,57,88,1011.7,8
2009-02-10,"Sydney",1.2,19.5,54,88,1010.2,8
2009-02-11,"Sydney",2.8,22.1,56,70,1011.3,7
2009-02-13,"Sydney",1.8,20.2,52,95,1025.1,8
2009-02-14,"Sydney",41.8,21.3,52,82,1019.5,8
2009-02-15,"Sydney",14,23.2,54,85,1014.1,8
2009-02-16,"Sydney",16.6,24.6,61,58,1017.8,6
2009-02-17,"Sydney",3.6,22.8,50,69,1015.6,8
2009-02-20,"Sydney",0,27.4,31,63,1010.1,2
2009-02-21,"Sydney",0,24.2,33,91,1013.6,7
2009-02-22,"Sydney",2.6,25.1,30,61,1017.5,3
2009-02-23,"Sydney",0,28.8,52,58,1012.7,4
2009-02-24,"Sydney",0,27.8,56,77,1013.5,1
2009-02-25,"Sydney",0,25.8,37,66,1014.8,3
2009-02-26,"Sydney",0,23,48,59,1018.8,2
2009-02-27,"Sydney",0,23.9,33,50,1015.7,2
2009-02-28,"Sydney",0,27.7,37,53,1006.6,2
2009-03-01,"Sydney",0,26.1,31,56,1010.8,5
2009-03-02,"Sydney",0,26.6,44,56,1015.1,6
2009-03-03,"Sydney",0,28.3,44,51,1014.9,6
2009-03-04,"Sydney",0,25.9,57,46,1008.7,8
2009-03-06,"Sydney",17.6,23.7,43,45,1011.4,1
2009-03-07,"Sydney",0,25.5,30,63,1011.8,1
2009-03-08,"Sydney",0,22.9,50,89,1018.8,8
2009-03-09,"Sydney",0,24.3,39,71,1020.3,6
2009-03-10,"Sydney",0.2,25.1,39,52,1021.4,7
2009-03-11,"Sydney",0.4,23.9,41,69,1022.8,7
2009-03-13,"Sydney",0,25.8,28,68,1016,7
2009-03-14,"Sydney",0,29.3,69,59,1009.8,5
2009-03-15,"Sydney",25.6,27.3,35,54,1007.4,3
2009-03-16,"Sydney",0.2,27.6,43,21,1008,1
2009-03-17,"Sydney",0,24.1,41,59,1012.6,1
2009-03-18,"Sydney",0,26.3,43,47,1015.9,1
2009-03-20,"Sydney",0,28.6,37,54,1016.4,1
2009-03-22,"Sydney",0,28,57,49,1014.8,6
2009-03-23,"Sydney",1.4,27.9,46,51,1014.8,3
2009-03-24,"Sydney",0,28.2,54,53,1015.9,2
2009-03-25,"Sydney",0,29.1,50,52,1017,6
2009-03-26,"Sydney",3.8,30.9,56,52,1016.2,7
2009-03-27,"Sydney",0.8,22.4,56,61,1023.9,7
2009-03-28,"Sydney",0.4,24.9,35,46,1022.9,1
2009-03-30,"Sydney",0,24.8,59,64,1022.3,5
2009-03-31,"Sydney",1.6,22,65,89,1020.4,8
2009-04-01,"Sydney",43.4,25.2,56,66,1021.1,7
2009-04-02,"Sydney",4,25.3,44,76,1021.8,7
2009-04-03,"Sydney",5.2,26.8,43,66,1016.6,5
2009-04-04,"Sydney",1.2,20.2,59,66,1019.2,8
2009-04-05,"Sydney",0,23.9,43,58,1014.1,4
2009-04-06,"Sydney",0,19.7,54,64,1019.7,3
2009-04-07,"Sydney",0,19.6,54,61,1024.5,2
2009-04-08,"Sydney",0,20.8,44,66,1024.9,5
2009-04-09,"Sydney",0,23.2,31,56,1022,3
2009-04-10,"Sydney",0,25.6,22,56,1020.6,5
2009-04-11,"Sydney",0,24.8,19,58,1022.7,7
2009-04-13,"Sydney",0,22.4,43,96,1019.2,8
2009-04-16,"Sydney",0,24.7,43,36,1011.4,0
2009-04-17,"Sydney",0,21.5,43,64,1015.8,1
2009-04-18,"Sydney",0,21.1,59,62,1018.3,4
2009-04-20,"Sydney",5,20.7,61,72,1018.8,8
2009-04-21,"Sydney",1.4,21.8,52,87,1021.6,7
2009-04-22,"Sydney",7.4,22,46,72,1022.4,7
2009-04-23,"Sydney",3.4,21,26,61,1018.1,3
2009-04-24,"Sydney",0,24.9,56,61,1006.2,7
2009-04-26,"Sydney",0,20.6,74,22,1002.9,2
2009-04-27,"Sydney",0,19.4,50,26,1012.7,1
2009-04-28,"Sydney",0,21.5,59,30,1015.1,1
2009-04-29,"Sydney",0,16.9,59,69,1019.6,7
2009-04-30,"Sydney",5,16.8,50,91,1020.4,7
2009-05-01,"Sydney",3.2,22.4,26,39,1020.5,5
2009-05-02,"Sydney",0,20,43,69,1022.7,3
2009-05-03,"Sydney",11.4,19.9,39,66,1025.5,2
2009-05-04,"Sydney",0,23.6,37,54,1025.3,1
2009-05-05,"Sydney",2.2,19,41,69,1028.2,4
2009-05-06,"Sydney",0.8,22.6,30,60,1023.2,3
2009-05-07,"Sydney",0,21.3,39,58,1021.8,1
2009-05-08,"Sydney",0,18.8,50,70,1025,2
2009-05-09,"Sydney",0,21.7,39,49,1020.2,1
2009-05-10,"Sydney",1,19,50,57,1023.5,5
2009-05-11,"Sydney",6.4,19,22,49,1022.3,4
2009-05-12,"Sydney",0,19.5,33,66,1018.1,6
2009-05-13,"Sydney",0,22,37,30,1012.6,2
2009-05-14,"Sydney",0,21.9,56,27,1010.8,3
2009-05-15,"Sydney",0,22.2,61,32,1009.7,3
2009-05-16,"Sydney",0,22.9,72,37,1008.2,4
2009-05-17,"Sydney",0,18.1,48,48,1017.7,2
2009-05-18,"Sydney",0,19.8,28,57,1023.3,5
2009-05-20,"Sydney",24.4,21.6,61,66,1020.4,7
2009-05-21,"Sydney",21,20.1,67,56,1022.2,8
2009-05-22,"Sydney",1,20.2,69,91,1020.9,7
2009-05-23,"Sydney",26.4,21.8,59,84,1023.1,7
2009-05-25,"Sydney",0,20.6,20,60,1023,7
2009-05-26,"Sydney",0,23.2,28,50,1018.5,1
2009-05-27,"Sydney",0,17.9,35,93,1018.3,8
2009-05-28,"Sydney",3.8,17.2,52,81,1020.1,4
2009-05-29,"Sydney",6,16.6,59,74,1022.3,7
2009-05-30,"Sydney",16,18.2,59,84,1026.9,7
2009-05-31,"Sydney",5.2,19.6,50,53,1031.9,7
2009-06-01,"Sydney",0.2,17,31,75,1030.1,7
2009-06-02,"Sydney",1.6,20.1,28,62,1026.8,6
2009-06-03,"Sydney",7.4,18.7,28,87,1022,8
2009-06-04,"Sydney",3,17.9,22,81,1016.5,8
2009-06-05,"Sydney",0,20.1,33,47,1012.1,7
2009-06-06,"Sydney",0,19.5,37,38,1009.8,1
2009-06-07,"Sydney",0.8,19.9,48,37,1004.6,2
2009-06-08,"Sydney",0.2,20.1,44,32,1007.1,3
2009-06-09,"Sydney",0,17,59,34,1007.9,6
2009-06-10,"Sydney",0,14.4,61,32,1012.9,1
2009-06-11,"Sydney",0,16.1,48,29,1018,1
2009-06-12,"Sydney",0,17.6,39,34,1019.8,7
2009-06-13,"Sydney",0,20.1,31,29,1013.6,7
2009-06-14,"Sydney",0,14.3,24,73,1011.8,8
2009-06-15,"Sydney",2.2,18.1,41,40,1010.4,3
2009-06-16,"Sydney",0,15.2,57,87,1019.8,7
2009-06-17,"Sydney",10,16.4,43,76,1026.4,6
2009-06-18,"Sydney",5.8,16,37,89,1027.9,4
2009-06-19,"Sydney",9.8,18.2,37,42,1027.9,4
2009-06-20,"Sydney",0.4,16.7,61,87,1024.3,8
2009-06-21,"Sydney",21,19.7,31,81,1020.3,8
2009-06-22,"Sydney",12.6,19.9,35,81,1017.5,3
2009-06-23,"Sydney",0.4,19.9,22,57,1016.3,1
2009-06-24,"Sydney",0,19.8,52,50,1010.5,1
2009-06-25,"Sydney",0.2,17.7,33,44,1012.1,6
2009-06-26,"Sydney",0,19,30,47,1008.8,4
2009-06-27,"Sydney",0,16.4,26,83,1005.2,7
2009-06-28,"Sydney",0,19.8,44,47,1004.1,7
2009-06-29,"Sydney",3.6,21.4,30,38,1009.9,1
2009-06-30,"Sydney",0,20.6,41,45,1007.3,3
2009-07-01,"Sydney",0,22,54,22,1004,1
2009-07-02,"Sydney",0,19.4,52,27,1006.2,1
2009-07-03,"Sydney",0,16.2,70,40,1003.9,5
2009-07-04,"Sydney",0,17.3,50,37,1011,1
2009-07-05,"Sydney",0,15.8,41,40,1016.1,1
2009-07-06,"Sydney",0,16.6,28,36,1017.4,6
2009-07-07,"Sydney",2.8,14,52,84,1024.1,7
2009-07-08,"Sydney",19,14.8,37,78,1028,6
2009-07-09,"Sydney",10.2,17.6,37,59,1028.3,5
2009-07-10,"Sydney",4.6,17.3,39,65,1024.5,5
2009-07-11,"Sydney",0.2,17.3,24,51,1018.3,7
2009-07-12,"Sydney",0,18.3,31,52,1009,5
2009-07-14,"Sydney",0,17.8,52,36,1004.4,2
2009-07-15,"Sydney",0,17,41,43,1008,3
2009-07-16,"Sydney",1.2,14.8,57,55,1010.2,7
2009-07-17,"Sydney",6.2,14.7,54,67,1018.9,7
2009-07-18,"Sydney",0,18.7,26,39,1018,1
2009-07-19,"Sydney",0,20.1,35,33,1019,1
2009-07-20,"Sydney",0,21.2,30,28,1019.9,0
2009-07-21,"Sydney",0,23,31,26,1015.1,1
2009-07-22,"Sydney",0,25.5,56,33,1004.8,4
2009-07-23,"Sydney",3,17,56,42,1014.3,3
2009-07-24,"Sydney",0.6,15.5,31,58,1024.3,1
2009-07-25,"Sydney",0,17.6,28,43,1021.6,1
2009-07-26,"Sydney",0,15.2,22,75,1014,8
2009-07-27,"Sydney",9.4,18.7,48,32,1015.1,1
2009-07-28,"Sydney",0,18.9,50,38,1020,1
2009-07-29,"Sydney",0,20,43,49,1022.1,5
2009-07-30,"Sydney",0,19.4,44,35,1018.9,0
2009-07-31,"Sydney",0,19.9,54,37,1017.6,2
2009-08-01,"Sydney",0,19.6,37,32,1021,0
2009-08-02,"Sydney",0,19.7,35,35,1022.3,1
2009-08-04,"Sydney",0,19.6,35,38,1017.1,2
2009-08-05,"Sydney",0,19,26,43,1020,1
2009-08-06,"Sydney",0,21,37,44,1018.8,4
2009-08-07,"Sydney",0,24.7,85,18,1009,6
2009-08-08,"Sydney",0,14.6,56,51,1020.6,1
2009-08-09,"Sydney",0,18.6,26,47,1017.4,4
2009-08-10,"Sydney",0,18.1,26,49,1016.6,7
2009-08-11,"Sydney",0,18.2,50,58,1011.9,7
2009-08-12,"Sydney",4.8,20.5,37,30,1009.2,4
2009-08-13,"Sydney",0,21.3,46,36,1011.4,1
2009-08-14,"Sydney",0,20.5,30,55,1015.8,1
2009-08-15,"Sydney",0,22.9,33,35,1015.6,0
2009-08-16,"Sydney",0,25.9,44,23,1008.2,1
2009-08-17,"Sydney",0,23.2,57,25,1013.7,0
2009-08-18,"Sydney",0,17.5,39,44,1026,1
2009-08-19,"Sydney",0,19.8,35,42,1022.7,1
2009-08-20,"Sydney",0,21.6,28,36,1013.8,1
2009-08-21,"Sydney",0,26.2,63,31,1001.4,7
2009-08-22,"Sydney",0,21.3,43,41,1009.5,1
2009-08-23,"Sydney",0,25.8,37,40,1007.1,3
2009-08-24,"Sydney",0,25.4,85,61,1005.5,8
2009-08-25,"Sydney",1.2,20.8,87,19,1006.3,1
2009-08-26,"Sydney",0,22.6,78,14,1010.3,0
2009-08-27,"Sydney",0,22.5,37,31,1013,0
2009-08-28,"Sydney",0,25.2,35,16,1012.4,1
2009-08-29,"Sydney",0.2,27,74,50,998.1,5
2009-08-30,"Sydney",0.2,20.1,70,19,1010.4,0
2009-08-31,"Sydney",0,22,48,28,1013.8,1
2009-09-01,"Sydney",0,21.4,33,41,1019.4,1
2009-09-02,"Sydney",0,18.9,35,58,1021.7,1
2009-09-03,"Sydney",0,22.1,33,96,1018.7,8
2009-09-04,"Sydney",4.6,25.9,39,37,1009.6,3
2009-09-05,"Sydney",0,19.4,41,41,1015,1
2009-09-06,"Sydney",0,20.3,48,51,1013.9,1
2009-09-07,"Sydney",0,21.5,52,53,1000.4,6
2009-09-08,"Sydney",6,20.3,37,52,1007.1,7
2009-09-09,"Sydney",0,20.7,52,33,1009,3
2009-09-10,"Sydney",0,21.5,46,34,1013.8,1
2009-09-11,"Sydney",0,22.3,33,37,1018.9,1
2009-09-12,"Sydney",0,29.2,41,21,1018.5,0
2009-09-13,"Sydney",0,32.7,44,10,1014.9,0
2009-09-14,"Sydney",0,19.1,54,58,1021.3,3
2009-09-15,"Sydney",0,22.2,35,64,1016,6
2009-09-16,"Sydney",0,21.7,39,87,1019.7,7
2009-09-17,"Sydney",0,33.2,65,19,1009.3,7
2009-09-18,"Sydney",0,22.2,50,63,1018.6,1
2009-09-19,"Sydney",0,23.5,37,51,1012.6,5
2009-09-20,"Sydney",0,26.8,43,27,1010.6,7
2009-09-21,"Sydney",1.4,26.7,48,63,1012,8
2009-09-22,"Sydney",0,32,76,27,997.8,1
2009-09-23,"Sydney",10.6,22.1,81,31,998,2
2009-09-24,"Sydney",0,25,52,22,1009.5,1
2009-09-25,"Sydney",0,26,52,26,1006.7,1
2009-09-26,"Sydney",0,20.7,78,14,1004.5,4
2009-09-27,"Sydney",0,18.1,81,20,1003.9,2
2009-09-29,"Sydney",0,19.7,33,44,1011.8,2
2009-09-30,"Sydney",0,26.3,44,28,1012,4
2009-10-01,"Sydney",0,33.8,61,6,1007.3,1
2009-10-02,"Sydney",0,20.4,65,74,1010.5,8
2009-10-03,"Sydney",7,15.6,72,87,1014,8
2009-10-04,"Sydney",25.4,17.2,39,61,1019.8,8
2009-10-05,"Sydney",2,19.4,52,58,1017,6
2009-10-06,"Sydney",6.4,19.4,52,50,1016.5,3
2009-10-07,"Sydney",2,19.6,63,45,1011.6,6
2009-10-08,"Sydney",2.2,15.9,81,59,1020,5
2009-10-09,"Sydney",0,15.9,59,62,1025.9,6
2009-10-10,"Sydney",12.8,16.8,44,70,1027.5,7
2009-10-11,"Sydney",1.8,19.9,39,50,1019.6,7
2009-10-12,"Sydney",0.4,23.3,56,59,1006.2,8
2009-10-13,"Sydney",0,25.5,83,17,998.5,1
2009-10-14,"Sydney",0,22.8,91,31,1000.6,6
2009-10-15,"Sydney",0.4,23.5,72,23,1006.1,7
2009-10-16,"Sydney",0,21.6,56,21,1011.7,3
2009-10-17,"Sydney",0,20.1,35,45,1020.5,1
2009-10-18,"Sydney",2.6,18.9,33,60,1025.3,2
2009-10-19,"Sydney",0.4,22,30,52,1024.6,1
2009-10-20,"Sydney",0,26,48,52,1017.9,0
2009-10-21,"Sydney",0,35.6,56,10,1015.9,5
2009-10-22,"Sydney",0,21.5,39,63,1022.5,8
2009-10-23,"Sydney",0,26.4,41,55,1014.1,1
2009-10-24,"Sydney",0,22.6,35,52,1016.1,1
2009-10-25,"Sydney",0,21.5,52,81,1015.4,8
2009-10-26,"Sydney",70.6,17.3,69,56,1025.2,8
2009-10-27,"Sydney",0.2,19.9,44,56,1027.6,8
2009-10-28,"Sydney",0,23.9,35,59,1022,1
2009-10-29,"Sydney",0,22,35,74,1023.8,6
2009-10-30,"Sydney",0,26.2,41,48,1020.2,1
2009-10-31,"Sydney",0,24.5,43,56,1023.1,1
2009-11-01,"Sydney",0,26,48,51,1019.3,2
2009-11-02,"Sydney",0,24.9,33,76,1017.5,7
2009-11-03,"Sydney",0,39.2,69,15,1005.7,6
2009-11-04,"Sydney",1.2,19.5,43,76,1015.5,8
2009-11-05,"Sydney",1.4,19.8,39,81,1021.9,7
2009-11-06,"Sydney",7.2,21.9,37,61,1027,8
2009-11-07,"Sydney",4.8,23.6,39,55,1029.9,7
2009-11-08,"Sydney",0.2,22.6,30,91,1028.7,8
2009-11-09,"Sydney",1.6,25.6,44,54,1023.6,1
2009-11-10,"Sydney",0,25.6,43,42,1019.7,1
2009-11-11,"Sydney",0,25.6,35,60,1021.2,1
2009-11-12,"Sydney",0,30,50,40,1012.6,6
2009-11-13,"Sydney",1,22.3,54,68,1019.2,2
2009-11-14,"Sydney",0,27.1,39,48,1010.9,1
2009-11-15,"Sydney",0,24.7,54,66,1011.6,2
2009-11-16,"Sydney",0,31.6,69,52,1001.4,7
2009-11-17,"Sydney",2.6,22.1,74,69,1009.7,7
2009-11-18,"Sydney",0,26,56,50,1010.1,2
2009-11-19,"Sydney",0,28.6,57,54,1008.9,3
2009-11-20,"Sydney",0,36.3,61,44,1005.7,8
2009-11-21,"Sydney",0.4,27.5,72,55,1006.5,7
2009-11-22,"Sydney",0,42.5,61,13,1000.7,7
2009-11-23,"Sydney",0,22.6,80,83,1022.7,8
2009-11-24,"Sydney",2.2,23.5,35,82,1024.5,7
2009-11-25,"Sydney",0.4,27.7,48,63,1018,0
2009-11-26,"Sydney",0,28.1,54,62,1010.9,1
2009-11-27,"Sydney",2.4,32.7,54,33,1006.6,1
2009-11-28,"Sydney",0,33.3,63,41,999.4,5
2009-11-29,"Sydney",0,32.2,61,15,998.6,3
2009-11-30,"Sydney",0,21.6,70,80,1009.5,7
2009-12-01,"Sydney",5.4,19.4,69,65,1017.3,4
2009-12-02,"Sydney",10.2,21.7,54,63,1021.7,1
2009-12-03,"Sydney",0,25.3,52,45,1017.4,1
2009-12-04,"Sydney",0,22.2,61,70,1015.8,5
2009-12-05,"Sydney",0,23.6,35,59,1012.4,7
2009-12-06,"Sydney",0,27,52,51,1014.8,1
2009-12-07,"Sydney",0,32.3,59,47,1006.7,1
2009-12-08,"Sydney",0,29.7,74,54,1000.2,3
2009-12-09,"Sydney",1.6,25,48,62,1010.4,4
2009-12-10,"Sydney",0,30.3,50,61,1005.7,8
2009-12-11,"Sydney",0,27.6,56,25,1012.9,1
2009-12-12,"Sydney",0,27.9,56,45,1013.3,1
2009-12-13,"Sydney",0,26.1,43,61,1015.4,1
2009-12-14,"Sydney",0,24.7,41,66,1021.1,7
2009-12-15,"Sydney",0,26.6,50,52,1020,7
2009-12-16,"Sydney",0,29.1,65,60,1015.5,2
2009-12-17,"Sydney",5.6,32.6,76,53,1007.8,5
2009-12-18,"Sydney",4.8,23.1,56,87,1016.9,8
2009-12-19,"Sydney",0,27.2,50,55,1014.1,1
2009-12-20,"Sydney",0,24,41,59,1019.6,8
2009-12-21,"Sydney",0,27.3,63,53,1012.2,6
2009-12-22,"Sydney",0,32.2,39,39,1009.2,4
2009-12-23,"Sydney",0,31,56,44,1012,3
2009-12-24,"Sydney",0,32.4,80,60,1009.1,7
2009-12-25,"Sydney",0,28,65,95,1011,8
2009-12-26,"Sydney",7.8,20.3,54,87,1016.4,8
2009-12-27,"Sydney",7,22.1,44,84,1016.1,8
2009-12-28,"Sydney",13.8,22.2,52,87,1015.6,7
2009-12-29,"Sydney",3.6,25.1,43,62,1021.3,1
2009-12-30,"Sydney",0,25.1,43,67,1023.2,4
2009-12-31,"Sydney",0,26.5,43,75,1016.9,8
2010-01-01,"Sydney",0,30.2,50,50,1009.9,7
2010-01-02,"Sydney",0,31.8,59,73,1005.5,7
2010-01-04,"Sydney",1.2,25.4,41,58,1019,8
2010-01-05,"Sydney",0,28.3,56,53,1014.1,1
2010-01-06,"Sydney",0,25.3,50,74,1013.8,6
2010-01-07,"Sydney",0,23.8,41,56,1017.5,8
2010-01-08,"Sydney",0,26.9,44,57,1019.2,1
2010-01-09,"Sydney",0,35,39,41,1013.9,5
2010-01-10,"Sydney",0,27,50,76,1015.5,1
2010-01-11,"Sydney",0,27.9,54,55,1015.7,2
2010-01-12,"Sydney",0,31.8,61,54,1007.9,1
2010-01-13,"Sydney",0.2,24.8,63,77,1011.4,6
2010-01-14,"Sydney",6.2,21.6,52,80,1017.7,8
2010-01-15,"Sydney",0,25.6,37,79,1017.3,6
2010-01-16,"Sydney",0,28.7,43,58,1009.3,7
2010-01-17,"Sydney",0,25.5,50,75,1003.3,7
2010-01-18,"Sydney",0,25.6,67,17,1002.7,1
2010-01-19,"Sydney",0,25.9,37,27,1007.2,1
2010-01-20,"Sydney",0,30.1,39,30,1007.5,0
2010-01-21,"Sydney",0,30.9,46,53,1008,2
2010-01-22,"Sydney",0,34.9,48,45,1008.2,1
2010-01-23,"Sydney",0,42.5,87,11,1004.8,6
2010-01-24,"Sydney",3.8,23.6,39,76,1014.6,8
2010-01-25,"Sydney",0,26.9,31,68,1011.7,7
2010-01-26,"Sydney",0,30.6,30,60,1006.8,2
2010-01-30,"Sydney",0.2,25.9,50,76,1018,7
2010-01-31,"Sydney",1.2,28.7,52,57,1014.6,7
2010-02-01,"Sydney",0,29.1,46,58,1016,6
2010-02-02,"Sydney",0,27.5,52,58,1016.6,7
2010-02-03,"Sydney",12.8,28.5,52,63,1014.3,3
2010-02-04,"Sydney",5.2,28.3,61,73,1011.4,7
2010-02-05,"Sydney",5.2,28.9,52,82,1008.4,7
2010-02-06,"Sydney",19,22.4,69,99,1016.2,8
2010-02-07,"Sydney",54,24,72,87,1020.7,8
2010-02-08,"Sydney",5.4,27.5,33,64,1021.9,7
2010-02-09,"Sydney",1.4,28.8,37,52,1020.9,3
2010-02-10,"Sydney",0,30.5,43,55,1017.1,1
2010-02-11,"Sydney",0,31.1,44,52,1013.2,2
2010-02-12,"Sydney",0,38.6,74,31,1005.1,7
2010-02-13,"Sydney",17,25,37,88,1010.3,8
2010-02-14,"Sydney",13.8,28,52,91,1004.4,8
2010-02-15,"Sydney",22.2,34.1,41,39,1002.9,5
2010-02-16,"Sydney",0,24.1,69,69,1013.7,7
2010-02-17,"Sydney",0,24,39,65,1016,1
2010-02-18,"Sydney",0,25.1,41,52,1023.5,3
2010-02-19,"Sydney",0,25.6,31,47,1023,7
2010-02-20,"Sydney",0.4,29,52,47,1017.8,1
2010-02-21,"Sydney",0,34.2,52,41,1014.2,1
2010-02-22,"Sydney",0,37.3,41,25,1011,3
2010-02-23,"Sydney",0,25.3,54,59,1016.3,7
2010-02-24,"Sydney",0,24.7,35,54,1021.4,7
2010-02-25,"Sydney",0,25.1,37,48,1026.7,3
2010-02-26,"Sydney",0,24.7,33,68,1024.7,7
2010-02-27,"Sydney",0.4,29.3,46,54,1017.6,2
2010-02-28,"Sydney",0,26.1,59,74,1014.8,8
2010-03-02,"Sydney",4.2,22.1,52,51,1018.5,6
2010-03-03,"Sydney",0,23.9,30,50,1018.5,5
2010-03-04,"Sydney",0,26.5,48,62,1013.9,4
2010-03-05,"Sydney",0,26.1,50,82,1009.8,8
2010-03-06,"Sydney",16,28,41,69,1010.7,5
2010-03-07,"Sydney",0,28.1,69,57,1012.2,8
2010-03-08,"Sydney",0.8,31.7,52,46,1009.2,6
2010-03-09,"Sydney",0,31,48,33,1012.3,1
2010-03-10,"Sydney",1,20.8,63,72,1023,8
2010-03-11,"Sydney",0,22.5,57,66,1031.9,4
2010-03-12,"Sydney",0,24.4,44,47,1035.2,5
2010-03-13,"Sydney",0,24,41,61,1033.4,6
2010-03-14,"Sydney",4.2,24,30,50,1028,6
2010-03-15,"Sydney",0,26.1,33,55,1022.5,3
2010-03-16,"Sydney",0,26.8,31,38,1022.7,1
2010-03-17,"Sydney",0,27.4,35,48,1024.4,1
2010-03-18,"Sydney",0,28.6,37,37,1023.6,5
2010-03-19,"Sydney",0,31.3,35,48,1018.8,4
2010-03-20,"Sydney",0,29.5,35,53,1019.4,1
2010-03-21,"Sydney",0,36.3,81,25,1013.9,6
2010-03-22,"Sydney",0,24.8,48,58,1018.9,4
2010-03-23,"Sydney",0,29.9,33,50,1017.2,6
2010-03-24,"Sydney",0,25.4,31,58,1020.9,2
2010-03-25,"Sydney",0,27.9,46,54,1019.4,3
2010-03-26,"Sydney",0,35.5,41,34,1015.1,2
2010-03-27,"Sydney",0,25,57,76,1018.5,7
2010-03-28,"Sydney",0,29.1,50,57,1014.9,5
2010-03-29,"Sydney",0,28.6,35,46,1016.4,8
2010-03-30,"Sydney",1.8,21.2,52,90,1018.7,8
2010-03-31,"Sydney",11.4,21.7,56,74,1017.8,7
2010-04-01,"Sydney",0,22.8,46,59,1016.4,1
2010-04-02,"Sydney",0,22.2,46,58,1018.6,1
2010-04-03,"Sydney",0,22.3,44,63,1020.3,3
2010-04-04,"Sydney",11.2,20.8,43,75,1020.7,5
2010-04-05,"Sydney",3.4,20.9,22,65,1019.1,6
2010-04-06,"Sydney",1.4,24.1,31,58,1017.6,7
2010-04-07,"Sydney",2,25.9,37,58,1012.2,7
2010-04-08,"Sydney",2.4,27.6,61,74,1011.9,4
2010-04-09,"Sydney",6,22.1,41,66,1011.2,4
2010-04-10,"Sydney",0,28.3,26,35,1007.3,1
2010-04-11,"Sydney",0,29.2,61,28,1005.8,4
2010-04-12,"Sydney",0,24.2,50,30,1011.9,2
2010-04-13,"Sydney",0,19.9,41,57,1020.6,1
2010-04-14,"Sydney",0,25.9,33,30,1019,2
2010-04-15,"Sydney",0,22,35,78,1020.7,3
2010-04-16,"Sydney",0,21.2,44,76,1025.5,7
2010-04-17,"Sydney",1.8,23.6,28,65,1026.1,3
2010-04-18,"Sydney",0,23.9,26,68,1024.3,3
2010-04-19,"Sydney",0,25.4,26,58,1023.5,1
2010-04-20,"Sydney",0.2,25.5,28,56,1021.7,4
2010-04-21,"Sydney",0,26.4,31,56,1020.1,2
2010-04-22,"Sydney",0,28.4,28,56,1019.1,1
2010-04-23,"Sydney",0,30.2,33,38,1015.5,1
2010-04-24,"Sydney",0,30,44,42,1009.9,7
2010-04-25,"Sydney",8.4,22.6,57,75,1013.7,6
2010-04-26,"Sydney",0,19.8,44,53,1022.4,1
2010-04-27,"Sydney",0,21.1,30,37,1017.9,7
2010-04-28,"Sydney",0,25.6,35,28,1016.5,1
2010-04-29,"Sydney",0,25.5,56,30,1016.9,1
2010-04-30,"Sydney",0.4,19.3,46,66,1024.7,7
2010-05-01,"Sydney",1.2,22.4,28,64,1024.4,5
2010-05-02,"Sydney",0,26,30,36,1021.9,1
2010-05-03,"Sydney",0,22.9,39,68,1024.5,6
2010-05-04,"Sydney",0,25.6,35,53,1015.6,6
2010-05-05,"Sydney",0,22.5,65,36,1011.7,2
2010-05-06,"Sydney",3.8,21.6,46,35,1018.3,2
2010-05-07,"Sydney",0,23.4,31,26,1018.2,1
2010-05-08,"Sydney",0,22.7,24,50,1019.3,1
2010-05-09,"Sydney",0,24.8,28,38,1018.1,1
2010-05-10,"Sydney",0,24.1,35,54,1015.6,1
2010-05-11,"Sydney",0,27.2,65,15,1008.7,1
2010-05-12,"Sydney",0,17.1,46,38,1017.1,1
2010-05-13,"Sydney",0,19.4,54,50,1015.8,2
2010-05-14,"Sydney",0,18.8,52,41,1015.1,1
2010-05-15,"Sydney",0,19.1,56,57,1016.2,1
2010-05-16,"Sydney",0,20.3,30,64,1018.5,6
2010-05-17,"Sydney",12.2,18.1,37,75,1016.8,7
2010-05-18,"Sydney",23.4,15.6,54,93,1017.6,8
2010-05-19,"Sydney",56,18.5,39,68,1020.5,2
2010-05-20,"Sydney",1.8,19.3,26,55,1020,7
2010-05-21,"Sydney",0,19.6,54,65,1018.1,6
2010-05-22,"Sydney",14.8,17.1,57,68,1020,3
2010-05-23,"Sydney",17,15.8,31,87,1020.9,6
2010-05-24,"Sydney",1.4,18.7,22,63,1015.7,7
2010-05-25,"Sydney",1,17.5,26,80,1006.6,7
2010-05-26,"Sydney",9.6,19.4,72,91,1005.5,8
2010-05-27,"Sydney",29,19.6,52,78,1017.9,7
2010-05-28,"Sydney",0,20,31,59,1017.1,5
2010-05-29,"Sydney",3,18,37,82,1004.9,8
2010-05-30,"Sydney",2.4,19.5,33,47,1002.4,7
2010-05-31,"Sydney",6.6,18.9,72,73,1010.5,7
2010-06-01,"Sydney",5,18,46,67,1017.9,7
2010-06-02,"Sydney",0,18.7,43,72,1019.6,6
2010-06-03,"Sydney",17,19.2,61,80,1020.1,7
2010-06-04,"Sydney",13.4,18.4,56,86,1015.6,7
2010-06-05,"Sydney",29.8,18.3,50,81,1012.1,7
2010-06-06,"Sydney",0.4,16.9,70,72,1016,7
2010-06-07,"Sydney",5.2,15,50,91,1023.3,7
2010-06-08,"Sydney",1.2,19,26,53,1018.5,4
2010-06-09,"Sydney",0,17.9,56,29,1008.5,4
2010-06-10,"Sydney",0,15.5,65,39,1017.8,1
2010-06-11,"Sydney",0,18,43,38,1016.1,1
2010-06-12,"Sydney",0,14.9,44,51,1021.8,1
2010-06-13,"Sydney",0,15.7,50,59,1029,1
2010-06-14,"Sydney",0,17.4,22,61,1032,1
2010-06-15,"Sydney",0,18.2,24,54,1028.9,1
2010-06-16,"Sydney",0,19.8,28,50,1024,2
2010-06-17,"Sydney",0.2,18.6,48,60,1009.9,4
2010-06-19,"Sydney",0,19.9,56,40,1017.4,1
2010-06-20,"Sydney",0,18.7,39,38,1023.8,1
2010-06-21,"Sydney",17,16.6,48,74,1032.5,5
2010-06-22,"Sydney",0.2,16.1,41,88,1035.9,8
2010-06-23,"Sydney",2.8,15.9,39,80,1034.2,6
2010-06-24,"Sydney",11,18.7,28,59,1027,2
2010-06-25,"Sydney",0,19.8,35,57,1020.4,7
2010-06-26,"Sydney",0.6,19.7,48,51,1016.4,2
2010-06-27,"Sydney",0,14.6,43,61,1019.1,6
2010-06-28,"Sydney",0,16.4,28,32,1017.7,1
2010-06-29,"Sydney",0,15.2,35,37,1016.9,0
2010-06-30,"Sydney",0,16.6,37,34,1018.5,2
2010-07-01,"Sydney",0,16.3,37,38,1022.7,3
2010-07-02,"Sydney",0,14,28,51,1023.5,8
2010-07-03,"Sydney",1,14.6,57,43,1026.2,2
2010-07-04,"Sydney",0,15.9,52,67,1027.1,4
2010-07-05,"Sydney",0,13.8,28,89,1024.1,8
2010-07-06,"Sydney",2.4,17,50,84,1015.3,7
2010-07-07,"Sydney",2,15.3,56,75,1022.6,6
2010-07-08,"Sydney",0.2,14.6,48,99,1025.6,7
2010-07-09,"Sydney",6,16.2,39,74,1027.8,7
2010-07-10,"Sydney",0.2,18.4,22,62,1024.9,7
2010-07-11,"Sydney",0,19.8,35,72,1019.7,7
2010-07-12,"Sydney",0,17.7,35,57,1021.1,7
2010-07-13,"Sydney",0,18.7,39,86,1014.7,7
2010-07-14,"Sydney",3.2,18.8,72,28,1008.7,1
2010-07-15,"Sydney",0,16.8,48,34,1017.2,2
2010-07-16,"Sydney",0,17.1,39,59,1024.2,1
2010-07-17,"Sydney",0,16.6,26,48,1024.7,1
2010-07-18,"Sydney",0,19.9,28,29,1017.6,1
2010-07-19,"Sydney",0,15.7,31,58,1016.1,7
2010-07-20,"Sydney",0,14.9,52,57,1021.4,3
2010-07-21,"Sydney",8.4,14.6,33,57,1024.7,5
2010-07-22,"Sydney",0,14.2,50,78,1028.3,5
2010-07-23,"Sydney",0.4,16.2,43,73,1030.4,7
2010-07-24,"Sydney",4.8,16.3,28,70,1027.5,6
2010-07-25,"Sydney",0,16.5,41,61,1027.7,5
2010-07-26,"Sydney",15.8,15.9,35,79,1032.7,7
2010-07-27,"Sydney",2.8,16.9,20,46,1032.6,7
2010-07-28,"Sydney",1.4,15.6,54,89,1024.7,8
2010-07-29,"Sydney",21.4,17.5,26,68,1015.9,7
2010-07-30,"Sydney",4,22.7,37,53,1013.5,7
2010-08-01,"Sydney",0,21.5,78,32,1013,1
2010-08-02,"Sydney",0.2,15.7,80,38,1011.8,6
2010-08-03,"Sydney",13.6,15.7,107,71,1017,4
2010-08-04,"Sydney",0,19.1,28,37,1014.9,1
2010-08-05,"Sydney",0,17.3,43,27,1015.3,3
2010-08-07,"Sydney",0,14.2,46,61,1022.2,6
2010-08-08,"Sydney",0,17.5,26,43,1019,2
2010-08-09,"Sydney",0,18.2,31,52,1020.9,3
2010-08-10,"Sydney",2.8,17.2,48,91,1013.7,8
2010-08-11,"Sydney",5.2,18.7,57,31,1003.6,3
2010-08-12,"Sydney",0,17.2,59,46,1002.5,7
2010-08-13,"Sydney",0,16,61,51,1012.1,1
2010-08-14,"Sydney",0,21.5,37,29,1009.5,0
2010-08-15,"Sydney",0,21.3,61,36,1004.1,1
2010-08-16,"Sydney",0,19.5,57,26,1010.5,1
2010-08-17,"Sydney",0,16.4,37,27,1019.9,4
2010-08-18,"Sydney",0,20.4,50,47,1011.7,5
2010-08-19,"Sydney",4,25.4,69,17,1004.5,2
2010-08-20,"Sydney",0,20,41,23,1011,1
2010-08-21,"Sydney",0,17.1,69,35,1015.6,1
2010-08-22,"Sydney",0,17.4,35,41,1020.3,4
2010-08-23,"Sydney",0,16.1,28,64,1010.8,7
2010-08-24,"Sydney",0,20.3,48,28,1007.9,2
2010-08-25,"Sydney",0,18.8,54,18,1005.1,1
2010-08-26,"Sydney",0,17.7,63,28,1000.8,4
2010-08-27,"Sydney",0,20.6,69,27,1008,2
2010-08-28,"Sydney",0,15.4,39,45,1022.5,1
2010-08-29,"Sydney",0,17.4,28,53,1025.9,1
2010-08-30,"Sydney",0,17.8,28,54,1024.3,5
2010-08-31,"Sydney",0,21.2,48,54,1019.7,3
2010-09-01,"Sydney",0,27.4,54,27,1012.4,7
2010-09-02,"Sydney",0.6,17.9,57,88,1014.7,7
2010-09-03,"Sydney",1,18.5,50,63,1023.7,8
2010-09-04,"Sydney",14.2,21.2,69,81,1006.4,8
2010-09-05,"Sydney",1,22.1,91,32,1009.9,1
2010-09-06,"Sydney",0,21,44,47,1017.3,6
2010-09-07,"Sydney",0,15.4,50,65,1023.6,3
2010-09-08,"Sydney",0,16.3,31,66,1023.9,1
2010-09-09,"Sydney",0,19.6,43,45,1010.7,8
2010-09-10,"Sydney",2.8,24.5,72,44,1001.5,7
2010-09-11,"Sydney",0,18.7,35,39,1017.2,1
2010-09-12,"Sydney",0,20.7,39,56,1017.7,5
2010-09-13,"Sydney",0,24.2,48,22,1012.5,3
2010-09-14,"Sydney",0,18.1,46,86,1011.9,8
2010-09-15,"Sydney",12.8,19.1,46,62,1009.6,1
2010-09-16,"Sydney",0,22.1,72,21,1011.1,2
2010-09-17,"Sydney",0,18.4,46,30,1017.6,5
2010-09-18,"Sydney",0,22.6,35,46,1014,1
2010-09-19,"Sydney",0,18.2,30,67,1019.7,8
2010-09-20,"Sydney",0,19.3,41,62,1022.9,5
2010-09-21,"Sydney",0,22.3,57,75,1022.6,6
2010-09-22,"Sydney",2,21.1,37,58,1020.8,1
2010-09-23,"Sydney",0.2,19.2,31,63,1022.4,7
2010-09-24,"Sydney",0,23.4,37,57,1017.4,0
2010-09-25,"Sydney",0,26.8,33,32,1013.8,8
2010-09-26,"Sydney",0,23.3,39,47,1017.1,2
2010-09-27,"Sydney",0,28.2,69,48,1008.2,6
2010-09-28,"Sydney",0,28.2,41,15,1009,6
2010-09-29,"Sydney",0,17.1,59,41,1017.9,4
2010-09-30,"Sydney",0.8,17.7,31,40,1023.3,3
2010-10-01,"Sydney",0,18.6,37,55,1026.1,8
2010-10-02,"Sydney",0,20.3,54,79,1027.8,8
2010-10-03,"Sydney",10.2,20.2,56,75,1027.8,7
2010-10-04,"Sydney",13.4,21.7,44,66,1023,7
2010-10-05,"Sydney",2.4,22.9,30,63,1020.6,2
2010-10-06,"Sydney",0.2,22.4,31,69,1018.8,7
2010-10-07,"Sydney",0,22.4,59,69,1017.5,7
2010-10-08,"Sydney",0,19.9,35,53,1022.1,1
2010-10-09,"Sydney",0,19.9,31,55,1025.4,8
2010-10-10,"Sydney",0,21.7,46,49,1032.1,4
2010-10-11,"Sydney",0.8,23,61,51,1032.2,7
2010-10-12,"Sydney",2,23.6,57,53,1025.4,2
2010-10-13,"Sydney",0.4,26.2,48,53,1014.9,5
2010-10-14,"Sydney",9.4,27.1,46,46,1008,3
2010-10-15,"Sydney",0,25.2,72,66,989.3,7
2010-10-16,"Sydney",1.8,16.4,93,28,1004,3
2010-10-17,"Sydney",0,24.2,50,27,1011.2,1
2010-10-18,"Sydney",0,25.4,39,25,1015.1,1
2010-10-19,"Sydney",5,18.7,41,57,1026.4,7
2010-10-20,"Sydney",0,21.6,43,56,1025.6,1
2010-10-21,"Sydney",0,23.4,46,57,1022.4,3
2010-10-22,"Sydney",0,25.4,43,50,1017.6,4
2010-10-23,"Sydney",0,30.6,52,68,1014.8,6
2010-10-24,"Sydney",23,16.9,67,79,1020.9,8
2010-10-25,"Sydney",12.8,19,56,73,1018.6,7
2010-10-26,"Sydney",0.2,26.7,37,39,1014.7,5
2010-10-27,"Sydney",0,20,52,84,1015.5,7
2010-10-28,"Sydney",5.2,20.6,33,56,1020.6,3
2010-10-29,"Sydney",0,22.1,35,60,1017.6,8
2010-10-30,"Sydney",0,26.3,65,59,1011.8,6
2010-10-31,"Sydney",0,26.9,65,61,1010,2
2010-11-01,"Sydney",0,18.5,52,82,1012.2,7
2010-11-02,"Sydney",38.6,18,67,69,1013.3,7
2010-11-03,"Sydney",0,22.6,43,52,1016.6,2
2010-11-04,"Sydney",1.4,17.8,56,72,1020.7,7
2010-11-05,"Sydney",36.2,18.2,48,55,1022.5,7
2010-11-06,"Sydney",5.2,18.7,46,84,1022.1,7
2010-11-07,"Sydney",6.4,23.6,41,55,1018,1
2010-11-08,"Sydney",0,27.9,76,44,1014.7,7
2010-11-09,"Sydney",28.4,22.7,41,82,1024.4,7
2010-11-10,"Sydney",0,27.9,52,56,1016.7,6
2010-11-11,"Sydney",11.6,29.6,37,37,1011.8,3
2010-11-12,"Sydney",0,29.2,54,45,1011.5,2
2010-11-13,"Sydney",0,32.3,57,51,1013.1,3
2010-11-14,"Sydney",0,32.5,54,53,1012.4,6
2010-11-15,"Sydney",0.2,21.7,39,96,1012.7,8
2010-11-16,"Sydney",18.6,21.2,41,76,1011.7,3
2010-11-17,"Sydney",0.8,22.1,33,62,1015.8,5
2010-11-18,"Sydney",0,25.3,44,51,1012,6
2010-11-19,"Sydney",0,18.3,74,70,1024.3,7
2010-11-20,"Sydney",0,21.9,35,50,1024.9,1
2010-11-21,"Sydney",0,24.7,43,47,1023,4
2010-11-22,"Sydney",0,25.8,48,50,1024.2,1
2010-11-23,"Sydney",0,26.8,57,44,1024.5,4
2010-11-24,"Sydney",0,26.8,61,52,1021.9,1
2010-11-25,"Sydney",0,28.2,54,47,1017.4,1
2010-11-26,"Sydney",0,25.9,37,61,1015.3,7
2010-11-27,"Sydney",0,28.3,74,51,1011.6,2
2010-11-28,"Sydney",0,25.8,35,51,1010.1,8
2010-11-29,"Sydney",4.6,19.6,56,88,1013.2,7
2010-11-30,"Sydney",4.6,22.2,48,97,1014.8,8
2010-12-01,"Sydney",26.4,21.5,44,82,1015.6,8
2010-12-02,"Sydney",29.6,26.1,50,66,1016.1,7
2010-12-03,"Sydney",0,25.7,48,68,1014.9,5
2010-12-05,"Sydney",0.2,25.3,35,60,1011.1,6
2010-12-06,"Sydney",4,26.6,39,62,1013.6,5
2010-12-07,"Sydney",0.8,27.5,50,60,1015.6,5
2010-12-08,"Sydney",0,27.8,74,65,1012.4,5
2010-12-09,"Sydney",0,32.8,57,51,1007.9,7
2010-12-10,"Sydney",0.6,29.6,50,58,1005.7,7
2010-12-11,"Sydney",0.4,29.2,50,46,1002.9,4
2010-12-12,"Sydney",0,32,52,22,1003.3,3
2010-12-13,"Sydney",0,24.8,48,60,1013.1,1
2010-12-14,"Sydney",0,23.5,37,78,1013.9,7
2010-12-17,"Sydney",4.8,27.7,48,59,1003.6,7
2010-12-18,"Sydney",0,27.2,69,31,999.4,7
2010-12-19,"Sydney",0,28.3,69,36,995,4
2010-12-20,"Sydney",4.8,22.1,76,33,1001,2
2010-12-21,"Sydney",0,28.8,59,20,1008.1,1
2010-12-22,"Sydney",0,23.8,44,76,1018,7
2010-12-23,"Sydney",0,31.3,61,39,1016.2,7
2010-12-24,"Sydney",0,23.4,50,42,1024.1,1
2010-12-25,"Sydney",0,28.1,54,52,1011.4,1
2010-12-26,"Sydney",0.4,32.2,80,48,1001.4,4
2010-12-27,"Sydney",31,20,61,83,1006.3,8
2010-12-28,"Sydney",2.6,22.8,44,48,1019.2,7
2010-12-29,"Sydney",0,27.7,52,48,1014.8,1
2010-12-30,"Sydney",0,27,39,54,1015.6,1
2010-12-31,"Sydney",0,29.5,57,53,1013.9,1
2011-01-01,"Sydney",0,33.3,56,45,1009.9,1
2011-01-02,"Sydney",0,25.4,61,83,1011.3,5
2011-01-03,"Sydney",2.4,21.2,52,88,1013.6,8
2011-01-04,"Sydney",3,21.4,48,65,1011.8,7
2011-01-05,"Sydney",0,23.9,39,53,1006,6
2011-01-06,"Sydney",0,23.3,44,75,1011.4,6
2011-01-08,"Sydney",5.6,27.8,46,53,1012.3,3
2011-01-09,"Sydney",11.4,27.7,41,62,1014.6,6
2011-01-10,"Sydney",5,26.9,48,60,1015,7
2011-01-11,"Sydney",3.4,26.8,59,70,1012.1,7
2011-01-12,"Sydney",1.8,29.2,65,65,1011.6,7
2011-01-13,"Sydney",0,27.4,48,79,1013.9,7
2011-01-14,"Sydney",0,29.9,65,50,1009.2,5
2011-01-15,"Sydney",0.2,30.5,41,60,1007,7
2011-01-16,"Sydney",0,28.8,35,69,1007.5,1
2011-01-17,"Sydney",0,29.9,57,85,1001.8,7
2011-01-18,"Sydney",0,25.8,37,59,1007.6,6
2011-01-19,"Sydney",0.4,25.6,46,70,1009.7,7
2011-01-20,"Sydney",0,27.9,46,52,1013.6,2
2011-01-21,"Sydney",2.2,29.1,48,46,1013,3
2011-01-22,"Sydney",0,30,39,35,1015.1,3
2011-01-23,"Sydney",0,30.1,61,42,1008.7,2
2011-01-24,"Sydney",0,36.7,72,30,1001.2,7
2011-01-25,"Sydney",0,29.6,56,58,1006.8,4
2011-01-26,"Sydney",0,31.4,59,85,1010.2,4
2011-01-29,"Sydney",0,26,44,45,1021.4,2
2011-01-30,"Sydney",0,30.5,54,44,1015.9,0
2011-01-31,"Sydney",0,35.6,44,32,1011.4,0
2011-02-01,"Sydney",0,40.8,44,29,1006.2,1
2011-02-02,"Sydney",0,32,44,61,1012.7,1
2011-02-03,"Sydney",0,36.7,61,66,1010.1,6
2011-02-04,"Sydney",0,33.2,48,61,1010.9,3
2011-02-05,"Sydney",0,42.2,59,19,1006.2,1
2011-02-06,"Sydney",0,35,83,84,1016,7
2011-02-07,"Sydney",0.6,21.8,46,60,1021.1,8
2011-02-08,"Sydney",0,24.8,30,50,1019,7
2011-02-09,"Sydney",0.8,25.4,41,59,1023.6,7
2011-02-10,"Sydney",0,27,46,58,1020.3,4
2011-02-11,"Sydney",0,33.9,54,39,1011,6
2011-02-12,"Sydney",1,22.5,61,77,1016.7,8
2011-02-13,"Sydney",10.4,22.3,59,88,1018.8,8
2011-02-14,"Sydney",0,23.8,46,54,1023.7,8
2011-02-15,"Sydney",0.6,25.5,35,52,1022.3,6
2011-02-16,"Sydney",0,27.6,35,56,1016.3,7
2011-02-17,"Sydney",0,30.2,41,59,1011.1,5
2011-02-18,"Sydney",0,26.1,52,79,1014.3,4
2011-02-19,"Sydney",0,32.5,48,56,1006.1,7
2011-02-20,"Sydney",0,32.1,33,69,1006.1,7
2011-02-21,"Sydney",0.2,25.1,61,60,1012.9,6
2011-02-22,"Sydney",0,20.6,56,68,1022.9,7
2011-02-23,"Sydney",0.4,23.5,41,56,1021.8,5
2011-02-24,"Sydney",0,27.7,41,42,1015.8,1
2011-02-25,"Sydney",0,29.5,35,39,1012.2,6
2011-02-27,"Sydney",0,32.2,50,44,1007.3,7
2011-02-28,"Sydney",0.4,29,44,58,1007.8,6
2011-03-01,"Sydney",0.6,34.4,63,37,1003.1,7
2011-03-02,"Sydney",0,22.9,43,57,1015.2,8
2011-03-03,"Sydney",0,31.7,46,34,1007.5,6
2011-03-04,"Sydney",0,28.1,52,54,1009.7,2
2011-03-05,"Sydney",0.8,21.9,50,50,1023.9,7
2011-03-06,"Sydney",0.2,22.4,41,43,1026.8,7
2011-03-07,"Sydney",0,24.8,39,48,1022.3,2
2011-03-08,"Sydney",0,28.1,54,47,1015.6,1
2011-03-09,"Sydney",0,32.1,31,32,1013.2,7
2011-03-10,"Sydney",0,29.2,57,55,1012,7
2011-03-11,"Sydney",0,25.7,33,82,1015.8,7
2011-03-12,"Sydney",1.6,28.2,37,59,1019.1,3
2011-03-13,"Sydney",0,29.8,50,53,1018.1,1
2011-03-14,"Sydney",0,27.2,67,86,1021,8
2011-03-15,"Sydney",0.2,23.4,37,73,1018.5,5
2011-03-16,"Sydney",0.4,26.2,44,78,1017.1,6
2011-03-17,"Sydney",1.2,24.4,41,82,1017.5,4
2011-03-18,"Sydney",0.6,23.6,48,70,1014.5,7
2011-03-19,"Sydney",14.4,23.4,50,91,1012.6,8
2011-03-20,"Sydney",106,24.9,54,71,1010.6,6
2011-03-21,"Sydney",18.6,26.8,52,78,1003.5,7
2011-03-22,"Sydney",17.6,29.7,30,63,999.3,4
2011-03-24,"Sydney",0,28,61,31,1003.2,5
2011-03-25,"Sydney",0,25.5,50,52,1008.9,6
2011-03-26,"Sydney",0,19.9,61,68,1020.2,7
2011-03-27,"Sydney",1.8,20.3,52,85,1024.8,7
2011-03-28,"Sydney",5.2,23.1,30,73,1025.9,6
2011-03-29,"Sydney",6.2,26.7,44,49,1022.3,4
2011-03-30,"Sydney",0,28.8,43,45,1016.2,7
2011-03-31,"Sydney",1.6,21.2,48,74,1023.2,7
2011-05-01,"Sydney",1,20.5,41,68,1016,7
2011-05-02,"Sydney",0,19.8,35,70,1014.9,8
2011-05-03,"Sydney",0.2,18.5,50,69,1013.9,7
2011-05-04,"Sydney",0.4,19.3,48,61,1015.8,4
2011-05-05,"Sydney",0,17.6,56,62,1021.6,7
2011-05-06,"Sydney",0,17.5,43,58,1020.6,7
2011-05-07,"Sydney",0,21.3,31,36,1015.4,5
2011-05-08,"Sydney",0,21.8,37,30,1010.5,3
2011-05-09,"Sydney",0,16.4,63,70,1014,6
2011-05-10,"Sydney",3.6,16.4,50,54,1013.4,1
2011-05-11,"Sydney",0,17.1,59,34,1006.6,5
2011-05-12,"Sydney",0,17,46,28,1009.5,1
2011-05-13,"Sydney",0,21.4,56,31,1008.1,3
2011-05-14,"Sydney",0,16.1,61,30,1017.8,6
2011-05-15,"Sydney",0,19.4,33,29,1027,1
2011-05-16,"Sydney",0,19.3,30,34,1026.2,0
2011-05-17,"Sydney",0,17.5,33,67,1028.3,3
2011-05-18,"Sydney",0,19.4,20,58,1029.6,2
2011-05-19,"Sydney",1.2,21.6,30,64,1028.1,5
2011-05-20,"Sydney",0,22.7,24,57,1024.3,2
2011-05-21,"Sydney",0,24.1,26,49,1021.3,1
2011-05-22,"Sydney",0,23,35,48,1015.4,7
2011-05-23,"Sydney",0.8,24.2,59,28,1001.3,3
2011-05-24,"Sydney",0,18.8,44,92,1005.4,8
2011-05-25,"Sydney",8.8,14.3,83,79,1011.5,7
2011-05-26,"Sydney",9.2,17.2,46,65,1015.4,2
2011-05-27,"Sydney",0,17.6,41,64,1018,6
2011-05-28,"Sydney",0,16.8,54,72,1022.7,7
2011-05-29,"Sydney",0,16.4,46,78,1022.2,7
2011-05-30,"Sydney",22.4,18.8,63,92,1018.7,8
2011-05-31,"Sydney",49.6,20,65,61,1019.8,8
2011-06-01,"Sydney",7.8,19.9,56,68,1025,7
2011-06-02,"Sydney",0.6,19,43,82,1023,5
2011-06-03,"Sydney",0,20.6,28,46,1014.7,5
2011-06-04,"Sydney",0,19.7,41,61,1013.8,8
2011-06-05,"Sydney",0.8,18.2,37,38,1013,3
2011-06-06,"Sydney",0,17.5,54,67,1016.3,6
2011-06-07,"Sydney",0,15.3,48,35,1013.4,5
2011-06-08,"Sydney",0,14.3,69,32,1013.2,1
2011-06-09,"Sydney",0,17.2,52,39,1011.3,3
2011-06-10,"Sydney",0,15.6,63,79,1017.1,7
2011-06-11,"Sydney",5.6,15.7,63,91,1024.6,7
2011-06-12,"Sydney",10.4,15.5,67,72,1023.1,7
2011-06-13,"Sydney",5.8,16.9,56,79,1021.3,7
2011-06-14,"Sydney",2.2,17.3,70,71,1020,7
2011-06-15,"Sydney",6.6,18,69,61,1021.8,7
2011-06-16,"Sydney",4.8,16.6,52,74,1017,7
2011-06-17,"Sydney",0,19.1,74,39,1005.9,2
2011-06-18,"Sydney",0,18,52,40,1009.8,1
2011-06-19,"Sydney",0,18.8,35,40,1014,1
2011-06-20,"Sydney",0,20.3,41,34,1011.7,1
2011-06-21,"Sydney",0,21.6,83,41,1001.3,7
2011-06-22,"Sydney",0,16.4,57,32,1010.7,3
2011-06-23,"Sydney",0,19.5,50,40,1017.4,1
2011-06-24,"Sydney",0,18.7,30,40,1024.7,1
2011-06-25,"Sydney",0,19.4,20,49,1027.9,4
2011-06-26,"Sydney",0,20.5,31,31,1023.1,3
2011-06-27,"Sydney",0,18.1,35,71,1027.5,2
2011-06-28,"Sydney",0,16.9,50,67,1032.9,5
2011-06-29,"Sydney",1.4,18,44,90,1036,7
2011-06-30,"Sydney",2,16.8,39,51,1035.1,7
2011-07-01,"Sydney",2.2,15.5,44,72,1028.2,6
2011-07-02,"Sydney",4.6,19,26,54,1022.5,2
2011-07-03,"Sydney",0,20.8,41,39,1017.1,1
2011-07-04,"Sydney",0,21.2,56,46,1009.8,5
2011-07-05,"Sydney",0,17.9,74,26,1005,1
2011-07-06,"Sydney",0,18.3,69,28,1007.5,2
2011-07-07,"Sydney",0,17,76,31,1013.9,3
2011-07-08,"Sydney",0,18,57,29,1018.1,0
2011-07-09,"Sydney",0,17,54,34,1015.8,1
2011-07-10,"Sydney",0,17.2,70,25,1010.1,1
2011-07-11,"Sydney",0,17.3,41,31,1018.2,1
2011-07-12,"Sydney",0,19.1,52,26,1017.7,1
2011-07-13,"Sydney",0,13.6,48,47,1016.8,7
2011-07-14,"Sydney",0,13.4,48,48,1027.5,2
2011-07-15,"Sydney",0.6,12.8,50,83,1032.5,7
2011-07-16,"Sydney",4.6,16.4,31,57,1027.8,7
2011-07-17,"Sydney",1.8,16.5,24,72,1021.5,6
2011-07-18,"Sydney",0,19.3,39,46,1015,5
2011-07-19,"Sydney",0,15.2,69,71,1011.7,7
2011-07-20,"Sydney",60.2,16.8,85,80,1013.5,7
2011-07-21,"Sydney",36.8,14.4,63,97,1014.3,8
2011-07-22,"Sydney",91,14.1,72,99,1017.9,7
2011-07-23,"Sydney",47.4,13.9,54,74,1019.2,6
2011-07-24,"Sydney",1,14.7,28,51,1017.8,8
2011-07-25,"Sydney",0,18.6,46,46,1014.7,4
2011-07-26,"Sydney",0.2,18.7,41,32,1018.7,5
2011-07-29,"Sydney",0,19.9,26,28,1023.5,1
2011-07-30,"Sydney",0,20.7,30,29,1020.4,3
2011-07-31,"Sydney",0,20.4,28,58,1019.4,6
2011-08-01,"Sydney",0,21.9,30,38,1019.1,3
2011-08-02,"Sydney",0,22.5,31,29,1020.7,3
2011-08-03,"Sydney",0,25.9,22,27,1021.3,1
2011-08-04,"Sydney",0,25.4,35,40,1023.8,1
2011-08-05,"Sydney",0,25.2,46,24,1021.5,1
2011-08-06,"Sydney",0,24.5,35,35,1016.4,6
2011-08-07,"Sydney",0.2,20.5,37,65,1012.7,7
2011-08-08,"Sydney",3,17.4,41,47,1007.8,6
2011-08-09,"Sydney",0,16.9,33,47,1005.8,5
2011-08-10,"Sydney",0,19.1,48,28,1004.3,3
2011-08-11,"Sydney",0,16.2,33,55,1008.4,6
2011-08-12,"Sydney",9,15.2,50,91,1018.8,7
2011-08-13,"Sydney",1.6,18.4,28,54,1022.3,8
2011-08-14,"Sydney",3.2,15.3,41,78,1024,7
2011-08-15,"Sydney",0.2,17.1,22,64,1022.8,7
2011-08-16,"Sydney",0,17.9,26,57,1018.7,3
2011-08-17,"Sydney",4,17.7,63,78,1014,8
2011-08-18,"Sydney",6.4,18.4,56,30,1008.8,3
2011-08-19,"Sydney",0.6,17.2,81,76,1016.1,8
2011-08-20,"Sydney",11.8,18.4,61,50,1028.9,2
2011-08-21,"Sydney",0,17.7,54,61,1035,7
2011-08-22,"Sydney",0,17.5,37,52,1037,5
2011-08-23,"Sydney",0.2,16.8,41,73,1031.9,5
2011-08-24,"Sydney",0.6,19.9,31,50,1026.4,1
2011-08-25,"Sydney",0,21.6,33,54,1020.4,0
2011-08-26,"Sydney",0,19.4,33,63,1022.8,1
2011-08-27,"Sydney",0,20.1,46,70,1017.8,5
2011-08-28,"Sydney",0,19.6,46,58,1016.8,2
2011-08-29,"Sydney",0,21.9,41,30,1015.2,8
2011-08-30,"Sydney",0,17.4,44,65,1021.2,5
2011-08-31,"Sydney",0,18.8,26,62,1021.3,3
2011-09-01,"Sydney",0,19.1,31,61,1022.7,5
2011-09-02,"Sydney",0,16.8,41,56,1029,7
2011-09-03,"Sydney",0,20.7,44,46,1027,1
2011-09-04,"Sydney",0,21.7,43,52,1023.8,4
2011-09-05,"Sydney",0,22.6,41,48,1023.1,2
2011-09-06,"Sydney",0,27,57,33,1014,6
2011-09-07,"Sydney",1,18.1,48,36,1017.7,3
2011-09-08,"Sydney",0,17.8,31,57,1017.7,7
2011-09-09,"Sydney",2.8,12.9,48,80,1006.6,7
2011-09-10,"Sydney",2.2,17,67,35,1008.6,7
2011-09-11,"Sydney",0,19.4,59,31,1011.5,2
2011-09-12,"Sydney",0.2,17.2,48,45,1022.8,1
2011-09-13,"Sydney",0,23.6,39,29,1019.7,3
2011-09-14,"Sydney",0,27.2,54,12,1016.9,1
2011-09-15,"Sydney",0,20,37,57,1018.2,1
2011-09-16,"Sydney",0,24.6,33,37,1012.3,5
2011-09-17,"Sydney",0,23.9,35,60,1013.1,5
2011-09-18,"Sydney",0,31.1,63,69,1015.9,1
2011-09-19,"Sydney",0,25.9,65,62,1013.5,1
2011-09-20,"Sydney",0,29.3,83,19,1006.6,3
2011-09-21,"Sydney",0,21,41,39,1017.3,0
2011-09-22,"Sydney",0,22.7,50,50,1018.8,0
2011-09-23,"Sydney",0,32.1,83,13,1012.8,2
2011-09-24,"Sydney",0.2,17.8,56,76,1018.1,8
2011-09-25,"Sydney",22.8,17.3,65,75,1020.4,7
2011-09-26,"Sydney",19.8,18.8,52,48,1022.3,1
2011-09-27,"Sydney",0,21.2,52,49,1018.7,5
2011-09-28,"Sydney",0,18.8,31,84,1010.5,7
2011-09-30,"Sydney",1.2,21.3,70,25,1002.9,3
2011-10-01,"Sydney",0,19,54,47,1005.3,8
2011-10-02,"Sydney",7,16.9,69,63,1016.7,7
2011-10-03,"Sydney",6.4,16.2,54,60,1021.7,6
2011-10-04,"Sydney",0.6,17.3,48,63,1023.3,3
2011-10-05,"Sydney",0,19.1,28,48,1018.3,7
2011-10-06,"Sydney",0,20.6,33,57,1013.5,8
2011-10-07,"Sydney",1.4,21.8,31,58,1010.2,3
2011-10-08,"Sydney",3.2,19.2,39,88,1009.4,7
2011-10-09,"Sydney",0,24.1,54,34,1005,7
2011-10-10,"Sydney",0,20.9,37,57,1006.4,6
2011-10-11,"Sydney",0,20.4,44,35,1009.6,7
2011-10-12,"Sydney",0,19.8,44,85,1017.4,6
2011-10-13,"Sydney",2.2,19.7,43,55,1021.4,4
2011-10-14,"Sydney",0,19.5,39,67,1017.6,8
2011-10-15,"Sydney",18.4,23.5,39,66,1007.5,3
2011-10-16,"Sydney",0,20.8,33,58,1015.2,1
2011-10-17,"Sydney",2.2,18,59,45,1032,1
2011-10-18,"Sydney",0,19.7,33,42,1031.7,1
2011-10-19,"Sydney",0,23.2,41,43,1027.7,1
2011-10-20,"Sydney",0,26.2,52,40,1023.2,1
2011-10-21,"Sydney",0,30.7,43,20,1021.1,1
2011-10-22,"Sydney",0,25.8,41,50,1021.2,6
2011-10-23,"Sydney",0,25.6,37,63,1017.7,6
2011-10-24,"Sydney",0,34.6,46,17,1007.4,5
2011-10-25,"Sydney",1.6,18.4,65,91,1013.8,7
2011-10-26,"Sydney",3.2,18.9,41,57,1022.6,8
2011-10-27,"Sydney",1.2,20.4,37,50,1022.2,7
2011-10-28,"Sydney",0,23.7,48,53,1015.5,5
2011-10-29,"Sydney",0,28.9,41,82,1008.9,7
2011-10-30,"Sydney",0,26.4,74,65,1009.5,4
2011-10-31,"Sydney",0.2,19,46,61,1020.1,1
2011-11-01,"Sydney",0,20.4,33,57,1016.2,3
2011-11-02,"Sydney",0,22.3,44,50,1009.8,2
2011-11-03,"Sydney",12.2,18.4,41,64,1014.1,4
2011-11-04,"Sydney",4,21.9,33,57,1018.3,4
2011-11-05,"Sydney",0,24.8,52,56,1014.8,1
2011-11-06,"Sydney",0,32.3,43,53,1009.1,8
2011-11-07,"Sydney",0,28.9,33,86,1012.4,5
2011-11-08,"Sydney",1.8,30.7,67,52,1008.4,7
2011-11-09,"Sydney",29,32.4,52,47,1010.7,4
2011-11-10,"Sydney",0.4,29.4,59,53,1011.5,6
2011-11-11,"Sydney",0.2,23.7,43,43,1022.5,3
2011-11-12,"Sydney",0,25.6,35,52,1015.1,2
2011-11-13,"Sydney",0,25.1,39,64,1013.8,7
2011-11-14,"Sydney",0,37.9,74,14,1004.5,7
2011-11-15,"Sydney",0,27,52,38,1016.4,0
2011-11-16,"Sydney",0,21.2,76,79,1019.2,8
2011-11-17,"Sydney",10.6,22.3,20,98,1018.9,8
2011-11-18,"Sydney",1.6,26,37,59,1015.9,1
2011-11-19,"Sydney",0,31.4,65,53,1010.1,2
2011-11-20,"Sydney",0,28.8,54,81,1008.1,7
2011-11-21,"Sydney",3,23.6,35,57,1015.1,8
2011-11-22,"Sydney",5.2,22.3,48,83,1009.2,8
2011-11-23,"Sydney",37.4,18.6,50,85,1020,8
2011-11-24,"Sydney",11.4,18.5,50,72,1026,8
2011-11-25,"Sydney",7,20.2,46,83,1020.7,8
2011-11-26,"Sydney",23.6,28,72,60,1003.5,2
2011-11-27,"Sydney",4.4,28.5,56,35,1008.1,6
2011-11-28,"Sydney",0,28.2,54,50,1015.1,5
2011-11-29,"Sydney",0,27.6,70,72,1013.9,7
2011-11-30,"Sydney",0,32.4,57,35,1008.8,7
2011-12-03,"Sydney",0,22.3,43,49,1016.9,1
2011-12-04,"Sydney",0,19.2,65,70,1015.3,7
2011-12-05,"Sydney",2.4,17.7,59,71,1020,8
2011-12-06,"Sydney",6.2,18.5,37,68,1018.1,6
2011-12-07,"Sydney",0.2,20.5,39,75,1014.4,7
2011-12-08,"Sydney",21.2,22.2,39,66,1013.4,8
2011-12-09,"Sydney",1,23.9,33,56,1013.5,7
2011-12-10,"Sydney",0,23.6,31,61,1008.1,7
2011-12-11,"Sydney",0,28.2,56,83,1002,6
2011-12-12,"Sydney",37.8,19,56,82,1006.5,8
2011-12-14,"Sydney",0.2,20.3,56,60,1016.4,4
2011-12-15,"Sydney",0.6,22.3,35,47,1018.3,4
2011-12-16,"Sydney",0,22.3,31,44,1021.1,5
2011-12-17,"Sydney",0,22.5,30,44,1021.7,2
2011-12-18,"Sydney",0,24.5,52,44,1016.3,7
2011-12-19,"Sydney",0,24.4,54,79,1008.1,7
2011-12-21,"Sydney",0,22.7,37,75,1017,6
2011-12-22,"Sydney",0.8,22.6,30,70,1017,7
2011-12-23,"Sydney",4,25.6,39,63,1013.1,5
2011-12-24,"Sydney",9.8,26.7,39,54,1012.6,1
2011-12-25,"Sydney",0,28.2,56,57,1009.7,1
2011-12-26,"Sydney",0,28.4,59,62,1004.2,8
2011-12-27,"Sydney",0.2,21.7,56,66,1011,7
2011-12-28,"Sydney",0,21.9,52,67,1012.2,2
2011-12-29,"Sydney",0,22.7,48,54,1015.6,1
2011-12-30,"Sydney",1.8,24.7,35,50,1019.8,4
2011-12-31,"Sydney",0.2,23.9,33,54,1018.9,6
2012-01-01,"Sydney",0,27.6,39,37,1015.2,0
2012-01-02,"Sydney",0,28.5,52,42,1016.5,1
2012-01-03,"Sydney",0,29,54,51,1015.2,2
2012-01-04,"Sydney",0,34.1,69,50,1010,7
2012-01-05,"Sydney",0,26.1,48,56,1014.1,5
2012-01-06,"Sydney",5,21.9,61,62,1016.7,7
2012-01-07,"Sydney",0,26.5,48,48,1012.1,7
2012-01-08,"Sydney",0,28,50,61,1003.3,7
2012-01-09,"Sydney",8.2,26.2,41,62,1006,5
2012-01-10,"Sydney",0,28.6,39,38,1007.3,5
2012-01-11,"Sydney",0,29.3,76,16,1002,2
2012-01-12,"Sydney",0,21.3,50,37,1016,1
2012-01-13,"Sydney",0,27.1,48,44,1013.4,6
2012-01-14,"Sydney",0.8,22.7,41,67,1016.1,8
2012-01-15,"Sydney",32.2,24.2,44,65,1019.5,7
2012-01-16,"Sydney",8.8,24.9,50,66,1022.4,6
2012-01-17,"Sydney",2.6,26.9,44,54,1020.9,3
2012-01-18,"Sydney",0.2,29.3,37,55,1014.2,3
2012-01-19,"Sydney",0,24.9,48,73,1017.6,5
2012-01-20,"Sydney",0,26.4,37,57,1015.2,6
2012-01-21,"Sydney",0,25.5,33,80,1015.8,7
2012-01-22,"Sydney",7.4,26.4,48,50,1021.9,5
2012-01-23,"Sydney",0.2,25.6,44,46,1021.4,6
2012-01-24,"Sydney",0,24.3,35,79,1016.8,8
2012-01-25,"Sydney",4.8,26,35,90,1013.3,8
2012-01-26,"Sydney",35.2,27.7,44,63,1013.6,8
2012-01-27,"Sydney",3.6,25.9,48,65,1017.1,7
2012-01-28,"Sydney",0,27,39,64,1013.2,6
2012-01-29,"Sydney",0,28.9,57,57,1008.8,6
2012-01-30,"Sydney",1.6,34.6,67,46,998.2,6
2012-01-31,"Sydney",0,27.4,59,68,1008.4,7
2012-02-01,"Sydney",8,22,50,65,1013.9,8
2012-02-02,"Sydney",3,20.2,44,87,1010.9,8
2012-02-03,"Sydney",40.2,21.2,44,89,1004.9,8
2012-02-04,"Sydney",5.8,25.3,30,65,1003.8,2
2012-02-05,"Sydney",0,29.1,50,59,1000.3,1
2012-02-06,"Sydney",0,22.9,65,73,1003.2,5
2012-02-07,"Sydney",1.8,24.4,39,62,1007.5,8
2012-02-08,"Sydney",0.6,23.7,43,80,1011.8,7
2012-02-09,"Sydney",0.6,26.4,46,57,1012.3,4
2012-02-10,"Sydney",1.8,27,52,58,1009.9,6
2012-02-11,"Sydney",9.4,24.3,56,87,1011,8
2012-02-12,"Sydney",3.8,25.7,33,65,1013.7,7
2012-02-13,"Sydney",2,25.6,31,68,1016.9,6
2012-02-14,"Sydney",0,25.1,33,56,1020.4,6
2012-02-15,"Sydney",0.6,25.7,33,49,1020,1
2012-02-16,"Sydney",0,28.4,50,39,1017.6,3
2012-02-17,"Sydney",0,28.7,37,52,1015.6,6
2012-02-18,"Sydney",1.4,25,41,75,1016.8,7
2012-02-19,"Sydney",0,28.7,52,52,1013.9,6
2012-02-20,"Sydney",53.6,25.3,44,76,1011,6
2012-02-21,"Sydney",1.6,23.7,72,69,1011.1,3
2012-02-22,"Sydney",0,24,37,69,1015.6,6
2012-02-23,"Sydney",0,29.7,33,48,1017.8,6
2012-02-24,"Sydney",0,29.3,37,42,1022.2,1
2012-02-25,"Sydney",0,28.6,56,53,1021.4,2
2012-02-26,"Sydney",0,28.6,52,64,1018.3,7
2012-02-27,"Sydney",0,30.3,41,52,1014.7,5
2012-02-28,"Sydney",0,34.3,39,49,1011.1,8
2012-02-29,"Sydney",3.8,22.5,54,96,1012.5,8
2012-03-01,"Sydney",23.6,30.6,80,52,1001.2,8
2012-03-03,"Sydney",8,22.6,48,72,1018.6,8
2012-03-04,"Sydney",2.4,28.1,48,59,1009.7,4
2012-03-05,"Sydney",13.4,24.9,50,72,1014.3,2
2012-03-06,"Sydney",0,21.9,50,64,1018.2,4
2012-03-07,"Sydney",0,21.1,59,70,1015.9,5
2012-03-08,"Sydney",83.6,21.6,67,69,1005.9,6
2012-03-09,"Sydney",12.4,28.1,43,41,1008.1,3
2012-03-10,"Sydney",0,24.7,43,56,1014.7,3
2012-03-11,"Sydney",0,24.4,35,58,1016.8,2
2012-03-12,"Sydney",0,25.4,43,55,1020.1,7
2012-03-13,"Sydney",0,27.2,46,49,1019.8,1
2012-03-14,"Sydney",0,26.5,41,72,1018.1,7
2012-03-15,"Sydney",0,28.5,50,50,1014.4,3
2012-03-16,"Sydney",0,31.3,50,61,1009.1,2
2012-03-17,"Sydney",26.2,21,59,92,1015.2,7
2012-03-18,"Sydney",3.4,22,59,73,1022.4,4
2012-03-19,"Sydney",5,24.4,52,71,1023.1,7
2012-03-20,"Sydney",4.8,24.9,35,54,1016.8,5
2012-03-21,"Sydney",0,26.5,44,63,1004.8,5
2012-03-22,"Sydney",0,19.9,78,80,1008.1,8
2012-03-23,"Sydney",2.2,26,63,30,1002,1
2012-03-24,"Sydney",0,23.7,43,33,1011.9,1
2012-03-25,"Sydney",0,22.3,43,52,1021.2,5
2012-03-26,"Sydney",0.6,25.1,41,52,1021.2,1
2012-03-27,"Sydney",0,26.3,33,56,1021.9,5
2012-03-28,"Sydney",0,23.5,44,68,1020.4,7
2012-03-29,"Sydney",5.4,26.2,31,52,1016.8,2
2012-03-31,"Sydney",0,28.2,26,48,1016.6,3
2012-04-01,"Sydney",0,25.1,41,42,1014.8,5
2012-04-02,"Sydney",1.2,24.5,28,66,1014.7,3
2012-04-03,"Sydney",0,28.6,30,54,1013.4,4
2012-04-04,"Sydney",0,27.3,39,52,1016.2,1
2012-04-05,"Sydney",0,28,33,48,1019,1
2012-04-06,"Sydney",0,27.1,39,35,1016.9,1
2012-04-07,"Sydney",0,27.4,57,61,1017.1,3
2012-04-08,"Sydney",0,25,50,70,1013.4,7
2012-04-09,"Sydney",5,25,72,26,1013.8,1
2012-04-10,"Sydney",0,17.4,72,52,1026,3
2012-04-11,"Sydney",0,18.3,61,66,1029.8,5
2012-04-12,"Sydney",3.8,20.6,43,63,1031.1,1
2012-04-13,"Sydney",0,25.9,33,49,1027.8,1
2012-04-14,"Sydney",0,26.1,33,55,1023.7,7
2012-04-15,"Sydney",0,25.6,20,48,1022.3,7
2012-04-16,"Sydney",0,22.5,63,68,1021.7,7
2012-04-17,"Sydney",11.2,21.6,54,79,1020.5,8
2012-04-18,"Sydney",31,21.7,50,87,1018.4,7
2012-04-19,"Sydney",63.2,24.9,35,86,1016.1,7
2012-04-20,"Sydney",2.2,27,31,64,1014.2,7
2012-04-21,"Sydney",0.2,23.6,33,79,1012.9,3
2012-04-22,"Sydney",0,25.2,30,73,1010.7,8
2012-04-23,"Sydney",0.6,21,33,78,1010.8,7
2012-04-24,"Sydney",2.6,26,63,56,1009.8,5
2012-04-25,"Sydney",0,20,67,30,1008.2,2
2012-04-26,"Sydney",0,19.9,48,54,1017.1,5
2012-04-27,"Sydney",0,20.5,28,64,1020.6,3
2012-04-28,"Sydney",0,24.1,26,44,1017.1,6
2012-04-29,"Sydney",0,18.8,67,57,1021.9,7
2012-04-30,"Sydney",0,20.3,30,45,1025.1,5
2012-05-01,"Sydney",0,23,37,49,1023.1,2
2012-05-02,"Sydney",0,25.5,37,53,1018.1,5
2012-05-03,"Sydney",0,20.7,41,56,1017.4,1
2012-05-04,"Sydney",0,21.1,33,40,1016.9,1
2012-05-05,"Sydney",0,18.9,56,72,1013.4,5
2012-05-06,"Sydney",0,21.8,39,29,1014.4,1
2012-05-07,"Sydney",0,19,46,39,1015.8,7
2012-05-09,"Sydney",0,26.9,26,27,1018.6,1
2012-05-10,"Sydney",0,27.5,30,44,1019.5,1
2012-05-11,"Sydney",0,27.3,28,33,1013.6,3
2012-05-12,"Sydney",0,20.4,59,25,1014.2,5
2012-05-13,"Sydney",0,18.1,69,35,1011.9,1
2012-05-15,"Sydney",0,18.2,41,52,1022,1
2012-05-16,"Sydney",0,18.6,33,66,1022.6,2
2012-05-17,"Sydney",0,21.3,22,50,1022,1
2012-05-18,"Sydney",0,22.8,24,29,1021,1
2012-05-19,"Sydney",0,22.2,28,36,1020.4,6
2012-05-21,"Sydney",11,21.4,26,50,1021.5,2
2012-05-22,"Sydney",0,21.4,39,29,1020.6,1
2012-05-23,"Sydney",0,22.9,28,25,1020,0
2012-05-24,"Sydney",0,17.3,35,92,1018.7,8
2012-05-25,"Sydney",10.2,19.6,61,28,1008.6,3
2012-05-26,"Sydney",0,17.8,70,40,1012.9,5
2012-05-27,"Sydney",0,17.1,50,61,1019.6,1
2012-05-29,"Sydney",7.2,16.6,43,79,1030.8,7
2012-05-30,"Sydney",0.8,17.3,39,64,1032.7,3
2012-05-31,"Sydney",0,17.5,33,74,1030.8,5
2012-06-01,"Sydney",0,18.3,24,70,1025.7,7
2012-06-02,"Sydney",0.2,16.6,39,96,1018.7,8
2012-06-03,"Sydney",32.2,15.7,33,93,1010.8,8
2012-06-04,"Sydney",11.8,20.5,41,41,1000.3,5
2012-06-05,"Sydney",0,16.5,104,70,1000.8,8
2012-06-07,"Sydney",4.8,15.9,41,48,1021.2,1
2012-06-08,"Sydney",0,16,26,50,1023.9,1
2012-06-09,"Sydney",0,17.2,24,42,1023.9,1
2012-06-10,"Sydney",2.8,14.7,43,85,1023.2,7
2012-06-11,"Sydney",50.4,17.2,54,89,1020.4,8
2012-06-12,"Sydney",41.6,18.9,50,74,1018.6,6
2012-06-13,"Sydney",12.2,15.3,41,92,1019.2,6
2012-06-14,"Sydney",6.2,19.1,24,70,1016.3,3
2012-06-15,"Sydney",0,21.5,30,45,1013,5
2012-06-16,"Sydney",0.2,14.8,33,89,1014.2,8
2012-06-18,"Sydney",0,18.8,35,46,1019.5,1
2012-06-19,"Sydney",0,19.3,56,35,1017.8,3
2012-06-20,"Sydney",0,18.4,26,42,1017.8,3
2012-06-21,"Sydney",0,19.2,44,43,1010.4,3
2012-06-22,"Sydney",0,18.7,59,43,1007.8,6
2012-06-23,"Sydney",0,17.1,44,28,1021.2,1
2012-06-24,"Sydney",0,18.3,43,37,1026.2,0
2012-06-25,"Sydney",0,20.4,35,31,1023.6,1
2012-06-27,"Sydney",5.6,15.1,37,75,1028.8,3
2012-06-28,"Sydney",0,18.5,22,69,1020.7,5
2012-06-29,"Sydney",0.6,20.5,26,61,1010.7,5
2012-06-30,"Sydney",0,20.6,30,49,1011.3,7
2012-07-01,"Sydney",0,17.1,56,27,1013.4,2
2012-07-02,"Sydney",0,16.4,46,32,1015.5,3
2012-07-03,"Sydney",0,15.4,44,49,1018.1,5
2012-07-04,"Sydney",0,14.7,57,56,1025.1,7
2012-07-05,"Sydney",3.4,14,50,83,1030.2,7
2012-07-06,"Sydney",21,14.2,48,61,1031.5,2
2012-07-07,"Sydney",1.2,14.5,48,70,1030.5,7
2012-07-08,"Sydney",0,17,26,60,1028.1,2
2012-07-09,"Sydney",0,18.6,35,60,1026.5,5
2012-07-10,"Sydney",0,19.4,54,61,1020.9,7
2012-07-11,"Sydney",8.2,20.8,41,39,1017.4,5
2012-07-12,"Sydney",0,18.4,33,73,1012.6,8
2012-07-13,"Sydney",0,23.7,39,54,1007.7,6
2012-07-14,"Sydney",0,20.8,43,30,1009.7,1
2012-07-15,"Sydney",0,18.6,48,35,1017.1,1
2012-07-16,"Sydney",0,18.9,39,30,1025.3,0
2012-07-17,"Sydney",0,21.3,30,26,1021.3,0
2012-07-18,"Sydney",0,21.3,31,37,1015.8,2
2012-07-19,"Sydney",0,14.2,56,60,1020.3,5
2012-07-20,"Sydney",0,15.3,44,51,1024.8,1
2012-07-21,"Sydney",0.2,14.8,56,52,1028.5,7
2012-07-22,"Sydney",6,16.4,59,59,1027.6,6
2012-07-23,"Sydney",0.6,17.3,50,83,1026.8,7
2012-07-24,"Sydney",6.6,14.4,37,93,1025.8,7
2012-07-25,"Sydney",3.4,19.7,31,46,1019.1,2
2012-07-26,"Sydney",0,20,33,42,1011.1,7
2012-07-28,"Sydney",0,17.9,44,47,1015.6,4
2012-07-29,"Sydney",0,15,44,54,1021.8,6
2012-07-30,"Sydney",0,14.2,65,47,1022.2,1
2012-07-31,"Sydney",2.8,13.9,54,63,1023,6
2012-08-01,"Sydney",0,14.3,48,51,1019.5,2
2012-08-02,"Sydney",0,15.2,44,48,1018.6,3
2012-08-03,"Sydney",0,19.2,37,26,1014.3,1
2012-08-04,"Sydney",0,21,39,23,1014.2,2
2012-08-05,"Sydney",0,22.6,43,23,1011.2,7
2012-08-06,"Sydney",0,18.2,50,24,1015.3,1
2012-08-07,"Sydney",0,19,43,21,1021.2,0
2012-08-08,"Sydney",0,22.1,33,19,1015.1,1
2012-08-09,"Sydney",0,20,69,16,1010.3,2
2012-08-10,"Sydney",0,14.3,106,71,1015.9,7
2012-08-11,"Sydney",3.2,14.6,80,68,1020.6,5
2012-08-12,"Sydney",3,14,63,64,1024.4,7
2012-08-13,"Sydney",0.2,17.1,31,52,1022.6,1
2012-08-14,"Sydney",0,20.1,30,29,1017.3,7
2012-08-15,"Sydney",0,22.1,33,25,1011.3,7
2012-08-16,"Sydney",0,19.8,39,38,1010.5,2
2012-08-17,"Sydney",0,22.6,78,29,1004.4,6
2012-08-18,"Sydney",0,19.1,72,31,1007.4,4
2012-08-19,"Sydney",0,17.9,39,40,1018.9,2
2012-08-20,"Sydney",0,19.7,35,38,1018.8,1
2012-08-21,"Sydney",0,22.3,39,23,1015.6,1
2012-08-22,"Sydney",0,25.1,48,44,1010,6
2012-08-23,"Sydney",0,30,89,22,1005.5,7
2012-08-24,"Sydney",6.2,20.5,57,20,1011.8,1
2012-08-25,"Sydney",0,20.2,41,26,1015.3,1
2012-08-26,"Sydney",0,18.9,33,32,1016.8,3
2012-08-27,"Sydney",0,20.3,33,35,1021.9,1
2012-08-28,"Sydney",0,20.5,35,39,1019.7,6
2012-08-29,"Sydney",0,23.4,48,52,1010.2,7
2012-08-30,"Sydney",0,23.3,54,16,1009,6
2012-08-31,"Sydney",0,19.3,63,21,1013.8,6
2012-09-01,"Sydney",0.6,15.7,67,49,1020.3,6
2012-09-02,"Sydney",1,20.2,31,41,1019.8,1
2012-09-03,"Sydney",0,19.7,30,40,1020,1
2012-09-04,"Sydney",0,22.8,26,22,1019.5,1
2012-09-05,"Sydney",0,29,59,8,1006.7,0
2012-09-06,"Sydney",0,28.6,69,6,1005.2,0
2012-09-07,"Sydney",0,22.9,80,17,1006.2,5
2012-09-08,"Sydney",0,21.1,61,28,1013.2,1
2012-09-09,"Sydney",0,19.7,39,37,1021.5,1
2012-09-10,"Sydney",0,24.7,43,39,1019.8,2
2012-09-11,"Sydney",0,19.1,50,73,1022.6,1
2012-09-12,"Sydney",0,22.9,48,57,1015.6,1
2012-09-13,"Sydney",0,24.2,61,90,1007.8,8
2012-09-14,"Sydney",2,17.2,39,36,1017.1,1
2012-09-15,"Sydney",0,17.3,44,60,1023.7,1
2012-09-16,"Sydney",0,21.9,46,45,1016.1,3
2012-09-17,"Sydney",0,19.7,52,76,1016.9,6
2012-09-18,"Sydney",0,22.2,37,54,1013.8,5
2012-09-19,"Sydney",3,23,39,47,1014.7,3
2012-09-20,"Sydney",0,22.4,37,48,1014.6,2
2012-09-21,"Sydney",0,25.8,43,44,1009.5,1
2012-09-22,"Sydney",1.4,20.8,33,60,1013.3,1
2012-09-23,"Sydney",0,25.3,48,40,1005.3,1
2012-09-24,"Sydney",0,24.4,48,27,1010.6,1
2012-09-25,"Sydney",0.2,20,39,60,1020.2,6
2012-09-26,"Sydney",0.2,22.3,52,48,1018.7,1
2012-09-27,"Sydney",0,25.1,52,56,1013.1,5
2012-09-28,"Sydney",0,34.1,61,18,1003,7
2012-09-29,"Sydney",11.6,23.6,65,18,1007.2,7
2012-09-30,"Sydney",0,21.2,56,28,1018.1,1
2012-10-01,"Sydney",0,20.1,33,53,1025.6,1
2012-10-02,"Sydney",1.4,20,33,42,1029.1,1
2012-10-03,"Sydney",0,30.9,39,35,1020.1,7
2012-10-04,"Sydney",0,33.6,48,11,1013,0
2012-10-05,"Sydney",0,35.6,61,72,1013.4,5
2012-10-06,"Sydney",0,19.8,59,74,1014.5,7
2012-10-07,"Sydney",1.6,18.4,67,45,1013.8,1
2012-10-08,"Sydney",0,18.3,39,46,1013.6,6
2012-10-09,"Sydney",4,18,35,52,1011.3,6
2012-10-10,"Sydney",0,25.1,35,28,1007.5,1
2012-10-11,"Sydney",7.2,20,57,50,1003.9,7
2012-10-12,"Sydney",3.2,15.8,81,89,1010.8,7
2012-10-13,"Sydney",4.4,18.3,33,48,1019.5,1
2012-10-14,"Sydney",0,19.4,37,48,1024,1
2012-10-15,"Sydney",0,27.4,48,30,1020.4,2
2012-10-16,"Sydney",0,34.7,41,8,1013.6,2
2012-10-17,"Sydney",0,21.6,52,46,1016.6,6
2012-10-18,"Sydney",0,23.7,50,49,1019.4,1
2012-10-19,"Sydney",0,28.8,33,30,1011.2,4
2012-10-20,"Sydney",0,30.2,65,81,1008.7,2
2012-10-21,"Sydney",0,28.3,50,38,1009.6,7
2012-10-22,"Sydney",0,16.9,83,59,1019.8,2
2012-10-23,"Sydney",1.6,19.2,57,44,1026.6,3
2012-10-24,"Sydney",0,24,52,42,1017.5,2
2012-10-25,"Sydney",0,28.9,50,32,1006.4,6
2012-10-26,"Sydney",0,22.9,63,56,1007.1,7
2012-10-27,"Sydney",0,19.4,41,38,1016.6,1
2012-10-28,"Sydney",0,20.2,35,43,1024.3,8
2012-10-29,"Sydney",0,23,48,50,1021.1,2
2012-10-30,"Sydney",0,24.7,50,44,1015.3,6
2012-10-31,"Sydney",0,28.9,41,34,1012.7,3
2012-11-01,"Sydney",0,34.2,67,15,1001.3,7
2012-11-02,"Sydney",0,19.1,54,53,1015.7,1
2012-11-03,"Sydney",6.2,18.4,37,67,1020.2,8
2012-11-04,"Sydney",0.4,23.8,48,61,1017.3,4
2012-11-05,"Sydney",0,27,59,50,1014.5,4
2012-11-06,"Sydney",0,28.2,70,50,1012.1,4
2012-11-07,"Sydney",0,25.5,48,65,1010.2,8
2012-11-08,"Sydney",0,25.5,33,54,1011.8,7
2012-11-09,"Sydney",7.2,27,61,63,1012.3,5
2012-11-10,"Sydney",4.6,19.9,50,59,1023.2,6
2012-11-11,"Sydney",0,21.7,33,46,1026.7,2
2012-11-12,"Sydney",0,25.2,61,41,1019.5,7
2012-11-13,"Sydney",0,20.5,65,69,1019.2,3
2012-11-14,"Sydney",2.4,22,35,66,1017.4,8
2012-11-15,"Sydney",0.4,26.5,39,61,1010.4,7
2012-11-16,"Sydney",1.2,17.9,52,85,1011.1,8
2012-11-17,"Sydney",5.6,21.4,37,47,1015,4
2012-11-18,"Sydney",0,25.1,89,50,1007.2,3
2012-11-19,"Sydney",0,19,59,66,1016,3
2012-11-20,"Sydney",2.8,22.5,52,54,1021.8,3
2012-11-21,"Sydney",0.2,25.5,59,52,1011.9,6
2012-11-22,"Sydney",0,19.9,80,61,1017,7
2012-11-23,"Sydney",0,22,31,53,1018.6,7
2012-11-24,"Sydney",0,26.7,48,56,1014.7,1
2012-11-25,"Sydney",0,33.1,31,47,1012.5,2
2012-11-26,"Sydney",0,25,46,74,1012.6,7
2012-11-27,"Sydney",0.2,23.9,54,82,1014.8,7
2012-11-28,"Sydney",8.6,23.4,31,77,1016.4,7
2012-11-29,"Sydney",0,29.4,50,57,1013.4,2
2012-11-30,"Sydney",0,32.8,56,55,1009.9,6
2013-01-01,"Sydney",0,27.1,37,58,1008.5,3
2013-01-02,"Sydney",0,23.4,61,66,1015.2,7
2013-01-03,"Sydney",0,25.5,37,48,1016.5,1
2013-01-04,"Sydney",0,28.4,61,47,1014,0
2013-01-05,"Sydney",0,30.9,57,44,1014.1,1
2013-01-06,"Sydney",0,30.3,41,48,1019.7,1
2013-01-07,"Sydney",0,28,44,56,1018.3,1
2013-01-08,"Sydney",0,42.5,56,12,998.8,6
2013-01-09,"Sydney",0,23.5,61,42,1002.4,6
2013-01-10,"Sydney",0,26.1,46,49,1009.6,7
2013-01-11,"Sydney",0,31.9,54,52,1005.5,5
2013-01-12,"Sydney",0,31.4,56,76,1007,7
2013-01-13,"Sydney",0,23.9,61,83,1009,7
2013-01-14,"Sydney",9.2,22.1,59,59,1017.7,2
2013-01-15,"Sydney",0,25.4,48,48,1016.7,3
2013-01-16,"Sydney",0,28.5,43,53,1011.8,4
2013-01-17,"Sydney",0,30.1,50,55,1007.7,1
2013-01-18,"Sydney",0,46.4,87,13,997.5,3
2013-01-19,"Sydney",1.4,23.4,48,74,1014,8
2013-01-20,"Sydney",0.2,24.2,35,53,1016.2,8
2013-01-21,"Sydney",1,28.3,39,49,1013.2,7
2013-01-22,"Sydney",0,32.2,63,57,1007.2,7
2013-01-23,"Sydney",0.2,23.3,65,72,1015.6,7
2013-01-24,"Sydney",0.2,27.5,41,77,1015.6,2
2013-01-25,"Sydney",0,31.2,52,56,1010.4,1
2013-01-26,"Sydney",0,31.1,72,60,1010.8,6
2013-01-27,"Sydney",13.4,23.4,44,86,1009.3,8
2013-01-28,"Sydney",16.2,24.1,61,93,1008.5,8
2013-01-29,"Sydney",104.6,26.3,63,80,1005,6
2013-01-30,"Sydney",0.6,26.6,33,58,1014.1,2
2013-01-31,"Sydney",0,30.5,61,56,1008.1,1
2013-03-01,"Sydney",26.4,21.2,67,81,1016.2,8
2013-03-02,"Sydney",13.6,23.5,61,70,1020.9,8
2013-03-03,"Sydney",2,26.1,54,54,1020.7,6
2013-03-04,"Sydney",1.6,26.5,39,50,1021,3
2013-03-05,"Sydney",0,28.8,43,49,1020,3
2013-03-06,"Sydney",0,28.7,46,46,1018.1,3
2013-03-07,"Sydney",0,29.1,46,43,1017.2,1
2013-03-08,"Sydney",0,27.9,37,57,1020.4,4
2013-03-09,"Sydney",0,29.2,48,45,1018.9,3
2013-03-10,"Sydney",0,29.2,43,39,1017.3,5
2013-03-11,"Sydney",0.2,27.8,41,57,1019.5,5
2013-03-12,"Sydney",0,27.9,37,43,1018.3,2
2013-03-13,"Sydney",0,29.4,57,44,1010.6,1
2013-03-14,"Sydney",0,23.3,56,77,1011.4,7
2013-03-15,"Sydney",2.2,23.8,50,74,1015.7,7
2013-03-16,"Sydney",0,29.5,39,59,1008.7,3
2013-03-17,"Sydney",0.8,21.7,72,48,1015.4,1
2013-03-18,"Sydney",0,22.2,57,54,1020.4,2
2013-03-19,"Sydney",0,24.2,31,41,1023.1,3
2013-03-20,"Sydney",1.6,26,39,48,1022.2,3
2013-03-21,"Sydney",0,27.9,59,41,1014.1,7
2013-03-22,"Sydney",0,33.6,69,34,1010.8,7
2013-03-23,"Sydney",4.2,27.2,37,67,1014,5
2013-03-24,"Sydney",0,30.7,35,47,1011,1
2013-03-25,"Sydney",0,25.8,39,71,1017.7,2
2013-03-26,"Sydney",0,29.1,46,60,1016.2,7
2013-03-27,"Sydney",0,30.3,54,57,1015.4,1
2013-03-28,"Sydney",0,34.9,63,34,1011.9,7
2013-03-29,"Sydney",4.8,20.8,54,54,1017.8,7
2013-03-30,"Sydney",0,25.2,39,43,1012.8,6
2013-03-31,"Sydney",0,24.8,48,45,1011.1,6
2013-04-01,"Sydney",4.4,23.4,33,67,1015.4,3
2013-04-02,"Sydney",0,24.4,41,56,1013.9,2
2013-04-03,"Sydney",21.2,19.5,59,72,1021.6,8
2013-04-04,"Sydney",41.4,21.4,41,91,1027.8,8
2013-04-05,"Sydney",13.2,22.6,37,65,1028.4,6
2013-04-06,"Sydney",8.6,22,33,79,1025.2,7
2013-04-07,"Sydney",2.8,23.2,26,61,1021.4,3
2013-04-08,"Sydney",0,23.6,26,61,1024,6
2013-04-09,"Sydney",1.6,21.7,41,72,1024.3,3
2013-04-10,"Sydney",2.6,25.4,31,54,1021.1,2
2013-04-11,"Sydney",0,26.8,28,38,1021.4,1
2013-04-12,"Sydney",0,26.1,33,42,1022.6,1
2013-04-13,"Sydney",0,26.5,43,47,1016.1,1
2013-04-14,"Sydney",0,28.6,30,43,1010.6,2
2013-04-15,"Sydney",0,27.3,52,54,1007.4,4
2013-04-16,"Sydney",11.6,20.3,54,77,1013.6,6
2013-04-17,"Sydney",0,21.1,37,68,1014.1,7
2013-04-18,"Sydney",11.2,23.2,61,74,1012.6,6
2013-04-19,"Sydney",0.4,19,76,44,1012.9,4
2013-04-20,"Sydney",38.6,18.8,69,57,1014,7
2013-04-21,"Sydney",3,19.2,30,60,1012.6,1
2013-04-22,"Sydney",0.4,25.1,31,46,1006.9,2
2013-04-23,"Sydney",0,24.7,50,48,1011.9,2
2013-04-24,"Sydney",0,22.9,35,37,1015.9,1
2013-04-25,"Sydney",0,22.5,33,46,1019.4,1
2013-04-26,"Sydney",0,26.6,41,30,1019,0
2013-04-27,"Sydney",0,26.3,30,41,1017.3,1
2013-04-28,"Sydney",0,29.3,41,20,1015.7,1
2013-04-29,"Sydney",0,23.5,33,71,1020.9,3
2013-04-30,"Sydney",0,20.5,39,78,1022.4,7
2013-05-01,"Sydney",0,24.4,48,79,1014.4,5
2013-05-02,"Sydney",0,18,56,61,1025.1,4
2013-05-03,"Sydney",0,23.5,33,41,1020.2,7
2013-05-04,"Sydney",0,25.1,61,68,1018.7,3
2013-05-05,"Sydney",0,18.1,43,42,1022.3,1
2013-05-06,"Sydney",0,17.7,48,69,1024.6,7
2013-05-07,"Sydney",0,20,35,56,1027.2,6
2013-05-08,"Sydney",0,22.6,26,43,1027.9,4
2013-05-09,"Sydney",0,24.1,26,47,1027.1,1
2013-05-10,"Sydney",0,20.9,31,74,1028.5,1
2013-05-11,"Sydney",0,21.8,39,67,1027.4,6
2013-05-12,"Sydney",0,22.9,31,49,1022.5,2
2013-05-13,"Sydney",0,24.2,33,72,1014,8
2013-05-14,"Sydney",0.2,19.3,43,44,1011.4,6
2013-05-15,"Sydney",0,21.7,57,27,1009.5,3
2013-05-16,"Sydney",0,21.8,57,31,1007.5,3
2013-05-17,"Sydney",0,19.8,61,32,1010.7,1
2013-05-18,"Sydney",0,20.1,52,30,1012,1
2013-05-19,"Sydney",0,20,39,28,1014.2,1
2013-05-20,"Sydney",0,20.2,54,35,1014.9,3
2013-05-21,"Sydney",0,22.7,57,61,1013.1,7
2013-05-22,"Sydney",0,17.2,39,87,1010.3,8
2013-05-23,"Sydney",38.4,19,67,55,1012.9,6
2013-05-24,"Sydney",8.2,20,54,77,1018.1,7
2013-05-25,"Sydney",9,18.6,35,60,1022.3,1
2013-05-26,"Sydney",0,20.2,28,62,1023,1
2013-05-27,"Sydney",0.2,18,50,67,1028.3,5
2013-05-28,"Sydney",6.2,20.6,35,68,1030.1,8
2013-05-29,"Sydney",0,22.9,31,52,1027.7,3
2013-05-30,"Sydney",0,22.8,28,55,1025.6,5
2013-05-31,"Sydney",0,25,31,35,1023.7,5
2013-06-01,"Sydney",0,23.2,50,57,1013.7,7
2013-06-02,"Sydney",14.8,17,80,60,1009.7,7
2013-06-03,"Sydney",16.6,17.8,56,49,1018.8,1
2013-06-04,"Sydney",0,19,33,65,1023.8,1
2013-06-05,"Sydney",0,20.6,30,64,1021.3,7
2013-06-06,"Sydney",0,21.8,24,49,1019.9,8
2013-06-07,"Sydney",0,23.7,52,60,1018.5,6
2013-06-08,"Sydney",0,17.6,44,66,1028.7,7
2013-06-09,"Sydney",0,20.5,31,58,1024,7
2013-06-10,"Sydney",0,21.7,26,71,1018.5,8
2013-06-11,"Sydney",0.8,20.6,24,45,1017.4,6
2013-06-12,"Sydney",0,16.2,37,86,1009.6,6
2013-06-13,"Sydney",6.2,21.6,43,34,1004,3
2013-06-14,"Sydney",0.2,20.8,48,41,1003,6
2013-06-15,"Sydney",0,17.8,59,49,1009.9,7
2013-06-16,"Sydney",0,16.9,41,54,1011.6,4
2013-06-17,"Sydney",0,16.4,56,56,1008.4,6
2013-06-18,"Sydney",0,17,46,60,1012.2,2
2013-06-19,"Sydney",12.2,15,65,85,1021.4,7
2013-06-20,"Sydney",2.6,15.1,44,66,1021.1,6
2013-06-21,"Sydney",0,15.7,37,65,1019.2,2
2013-06-22,"Sydney",2.8,14.5,44,89,1024.4,7
2013-06-23,"Sydney",56.8,14.7,50,94,1026.9,7
2013-06-24,"Sydney",50,15,41,67,1017.7,7
2013-06-25,"Sydney",17.2,17.5,57,78,1014.9,6
2013-06-26,"Sydney",9.2,19.6,61,81,1020.2,7
2013-06-27,"Sydney",3.6,19.5,37,60,1020.7,7
2013-06-28,"Sydney",26.2,16.5,33,81,1022.5,7
2013-06-29,"Sydney",27.2,15.6,31,80,1022.9,8
2013-06-30,"Sydney",59.2,15.7,48,88,1023.5,5
2013-07-01,"Sydney",6.8,18.7,20,58,1021.7,1
2013-07-02,"Sydney",0,20.1,26,39,1020.7,2
2013-07-03,"Sydney",0,19.7,26,48,1020.6,0
2013-07-04,"Sydney",0,24.2,41,27,1011.2,1
2013-07-05,"Sydney",0,20.8,56,22,1010.7,1
2013-07-06,"Sydney",0,18.5,37,24,1018,0
2013-07-07,"Sydney",0,19.1,33,34,1025.5,1
2013-07-08,"Sydney",0,18.6,46,45,1029.9,3
2013-07-09,"Sydney",2.2,13.7,48,86,1033.8,7
2013-07-10,"Sydney",9.4,15.6,30,73,1031.6,6
2013-07-11,"Sydney",0,17.3,26,63,1032.2,5
2013-07-12,"Sydney",0,20.8,30,42,1026.9,1
2013-07-13,"Sydney",0,17.8,19,69,1027.3,6
2013-07-14,"Sydney",0,19.4,28,52,1025.2,8
2013-07-15,"Sydney",0.4,21.5,28,51,1021.7,7
2013-07-16,"Sydney",0.6,21.6,30,64,1021.9,4
2013-07-17,"Sydney",1.2,22.4,26,55,1020.4,3
2013-07-18,"Sydney",0,23.3,35,66,1019,7
2013-07-19,"Sydney",0,22.3,52,66,1011.4,7
2013-07-20,"Sydney",1.2,22,65,30,1005,2
2013-07-21,"Sydney",0.2,17.1,54,18,1013,1
2013-07-22,"Sydney",0,18.5,54,19,1016.2,2
2013-07-23,"Sydney",0,17.5,48,42,1018.5,7
2013-07-24,"Sydney",0,16.1,59,54,1026.4,6
2013-07-25,"Sydney",0,19.3,26,30,1026.5,3
2013-07-26,"Sydney",0,20.9,35,29,1023.1,1
2013-07-27,"Sydney",0,19.8,30,45,1028,1
2013-07-28,"Sydney",0,20.1,35,47,1025.5,6
2013-07-29,"Sydney",0,23.5,33,35,1020.6,1
2013-07-30,"Sydney",0,20.1,57,50,1017.8,5
2013-07-31,"Sydney",10.4,16,52,71,1022.6,4
2013-08-01,"Sydney",0,17.6,35,54,1020.1,3
2013-08-02,"Sydney",0,21.3,37,26,1012.6,3
2013-08-03,"Sydney",0,19.5,46,24,1012.1,1
2013-08-04,"Sydney",0,19.8,63,27,1012.4,5
2013-08-05,"Sydney",0,21.5,52,29,1013.5,2
2013-08-06,"Sydney",0,24.5,61,22,1007.9,5
2013-08-07,"Sydney",0.6,17.3,41,44,1009.3,7
2013-08-08,"Sydney",10,13.3,65,85,1009.9,7
2013-08-09,"Sydney",5,19,31,31,1013.9,7
2013-08-10,"Sydney",0,23.8,39,26,1013.2,1
2013-08-11,"Sydney",0,22.3,33,19,1013.4,1
2013-08-12,"Sydney",0,26.6,94,33,1004.1,7
2013-08-13,"Sydney",0,22.6,43,21,1012.1,1
2013-08-14,"Sydney",0,24.7,56,15,1007.4,1
2013-08-15,"Sydney",0,16.6,56,37,1019.7,1
2013-08-16,"Sydney",0,21.7,48,28,1016.6,0
2013-08-17,"Sydney",0,25.5,59,27,1006.7,4
2013-08-18,"Sydney",0,23.5,46,20,1011.5,1
2013-08-19,"Sydney",0,22.2,72,18,1007,5
2013-08-20,"Sydney",0,16.8,57,21,1012.2,1
2013-08-21,"Sydney",0,18,52,30,1013.5,3
2013-08-22,"Sydney",0,19.4,52,26,1010,7
2013-08-23,"Sydney",0,19.9,56,33,1008.7,7
2013-08-24,"Sydney",0,20.2,46,47,1020.1,4
2013-08-25,"Sydney",0,23,30,40,1020,1
2013-08-26,"Sydney",0,22.1,35,47,1020.3,6
2013-08-27,"Sydney",0,19.8,31,76,1018.6,2
2013-08-28,"Sydney",0,20.8,39,54,1020.3,2
2013-08-29,"Sydney",0,22.8,59,50,1019.3,7
2013-08-30,"Sydney",0,27.4,43,43,1011,1
2013-08-31,"Sydney",0,23.3,33,42,1020.1,4
2013-09-01,"Sydney",0,23.9,35,41,1026.4,1
2013-09-02,"Sydney",0,24.4,30,35,1028.9,2
2013-09-03,"Sydney",0,23.6,33,44,1031.2,1
2013-09-04,"Sydney",0,23.7,50,35,1028.4,1
2013-09-05,"Sydney",0,29.9,28,25,1022.8,5
2013-09-06,"Sydney",0,22.6,37,65,1023.1,7
2013-09-07,"Sydney",0,32.4,50,74,1017.9,4
2013-09-08,"Sydney",0,21.9,48,76,1023.1,7
2013-09-09,"Sydney",0,26.8,33,62,1013.7,7
2013-09-10,"Sydney",0,33.6,76,9,1000.3,4
2013-09-11,"Sydney",0,25.8,56,22,1008.7,3
2013-09-12,"Sydney",0,24.7,80,19,1010.3,4
2013-09-13,"Sydney",0,18.9,41,44,1018,7
2013-09-14,"Sydney",6.2,21.2,54,74,1009.4,3
2013-09-15,"Sydney",0.8,19.8,30,59,1016.3,5
2013-09-16,"Sydney",0.2,18.1,83,90,1010.2,8
2013-09-17,"Sydney",62.2,24.4,72,35,997.9,5
2013-09-18,"Sydney",0.4,26.1,52,20,999.9,1
2013-09-19,"Sydney",0,24.7,54,12,1003,1
2013-09-20,"Sydney",0,22.6,72,28,1006.8,6
2013-09-21,"Sydney",0,20.4,39,40,1012.3,2
2013-09-23,"Sydney",0,25.3,30,35,1007.1,1
2013-09-24,"Sydney",0,30.4,46,24,1000.2,5
2013-09-25,"Sydney",0,30.7,50,27,1005.5,1
2013-09-26,"Sydney",0,32.9,87,13,1005.8,0
2013-09-27,"Sydney",0,21.7,41,32,1016.5,0
2013-09-28,"Sydney",0,30.4,70,7,1005.3,1
2013-09-29,"Sydney",0,22.3,50,29,1014.8,1
2013-09-30,"Sydney",0,29.2,44,21,1010.2,3
2013-10-01,"Sydney",0,33.6,85,27,1005.1,7
2013-10-02,"Sydney",0,27.8,48,15,1007.3,7
2013-10-03,"Sydney",0,17.8,61,45,1014.4,4
2013-10-04,"Sydney",1,18.8,52,38,1019.3,1
2013-10-05,"Sydney",0,28.6,30,24,1010.1,6
2013-10-06,"Sydney",0,32.7,39,13,1004.5,3
2013-10-07,"Sydney",0,19.7,69,59,1010.9,2
2013-10-08,"Sydney",1.2,20,56,60,1016,5
2013-10-09,"Sydney",0,29.5,35,25,1012.7,0
2013-10-10,"Sydney",0,37.8,80,3,1002.9,1
2013-10-11,"Sydney",0,22.2,70,45,1012.7,1
2013-10-12,"Sydney",0,26.8,41,56,1009.4,0
2013-10-13,"Sydney",0,36.2,81,3,996.1,1
2013-10-14,"Sydney",3.4,17.7,52,43,1014.9,2
2013-10-15,"Sydney",0,24.8,41,32,1018.4,0
2013-10-16,"Sydney",0,28.5,57,23,1012.2,1
2013-10-17,"Sydney",0,33.9,81,3,1002.9,7
2013-10-18,"Sydney",0,20.9,57,42,1025.1,2
2013-10-19,"Sydney",0,23.8,44,35,1024.3,0
2013-10-20,"Sydney",0,28.3,48,51,1016,5
2013-10-21,"Sydney",0,32.5,50,28,1011.4,6
2013-10-22,"Sydney",0,27.6,63,73,1012,8
2013-10-23,"Sydney",3.8,33.7,83,11,1002.3,1
2013-10-24,"Sydney",0,23.7,65,20,1013.3,1
2013-10-25,"Sydney",0,25.1,44,28,1019,0
2013-10-26,"Sydney",0,22.1,43,41,1019.3,1
2013-10-27,"Sydney",0,23.1,41,47,1020.7,7
2013-10-28,"Sydney",1.2,23.3,50,63,1014.4,2
2013-10-29,"Sydney",5.2,24.3,94,74,1008.5,7
2013-10-30,"Sydney",0.6,20.9,52,49,1018.3,2
2013-10-31,"Sydney",0,24.1,39,54,1019.4,1
2013-11-01,"Sydney",0,23.2,43,54,1020.1,7
2013-11-02,"Sydney",0,30.8,35,41,1012.2,7
2013-11-03,"Sydney",0,34.9,76,10,1006.4,6
2013-11-04,"Sydney",0,18.4,63,51,1023.8,1
2013-11-05,"Sydney",0,19.9,48,56,1026.7,5
2013-11-06,"Sydney",0,23.7,50,44,1019.2,1
2013-11-07,"Sydney",0,30.3,50,39,1011.7,1
2013-11-08,"Sydney",0,34,69,41,1005.7,6
2013-11-09,"Sydney",0.4,31.8,54,38,1006.8,3
2013-11-10,"Sydney",2.2,20,56,59,1017.3,7
2013-11-11,"Sydney",20.8,18.8,61,91,1016.4,7
2013-11-12,"Sydney",7.4,22.4,33,63,1011.8,7
2013-11-13,"Sydney",7.8,29.7,44,36,1010.8,3
2013-11-14,"Sydney",0,28.6,43,36,1011.4,1
2013-11-15,"Sydney",0,23,50,68,1015,6
2013-11-16,"Sydney",80.4,21.2,52,79,1014.8,7
2013-11-17,"Sydney",11.2,18.6,61,79,1014.4,8
2013-11-18,"Sydney",13.6,19.6,61,97,1010.6,8
2013-11-19,"Sydney",15.8,24.1,48,57,1010.5,2
2013-11-20,"Sydney",0,26.7,43,55,1010.6,1
2013-11-21,"Sydney",0,27.1,52,49,1010.2,5
2013-11-22,"Sydney",2.2,25.9,78,61,1006.5,7
2013-11-23,"Sydney",10.2,24.9,41,72,1003.1,5
2013-11-24,"Sydney",0.4,23.1,50,50,1005.2,2
2013-11-25,"Sydney",0,22,78,77,1009.1,7
2013-11-26,"Sydney",0.4,21.1,56,51,1016.6,1
2013-11-27,"Sydney",0,24.1,41,45,1014.7,1
2013-11-28,"Sydney",0,29.3,57,45,1004.6,7
2013-11-29,"Sydney",0,20.7,69,82,1009,7
2013-11-30,"Sydney",8.4,21.6,56,56,1019.7,2
2013-12-01,"Sydney",0,23.2,35,47,1024.4,4
2013-12-02,"Sydney",0,25.6,44,39,1019.4,5
2013-12-03,"Sydney",0,26.4,59,41,1013.3,1
2013-12-04,"Sydney",0,29.1,67,52,1000.4,7
2013-12-05,"Sydney",3.4,27.5,94,29,997.5,6
2013-12-06,"Sydney",0,21.8,54,34,1013.5,1
2013-12-07,"Sydney",0,25.6,35,33,1018.3,6
2013-12-08,"Sydney",0,27.6,52,35,1013.4,2
2013-12-09,"Sydney",0,32,54,39,1003.8,7
2013-12-10,"Sydney",0,34.4,59,37,1002.8,1
2013-12-11,"Sydney",0,29.4,43,32,1004.7,3
2013-12-12,"Sydney",0,27,56,56,1009.8,2
2013-12-13,"Sydney",0,28.9,56,53,1009.9,1
2013-12-14,"Sydney",0,24.9,54,59,1015.4,5
2013-12-15,"Sydney",6.2,24.3,37,70,1017.1,5
2013-12-16,"Sydney",23,25.1,41,59,1019.1,3
2013-12-17,"Sydney",7.8,27.7,52,41,1019.3,1
2013-12-18,"Sydney",0,26.3,41,50,1022.8,1
2013-12-19,"Sydney",0,27.8,65,51,1018.6,1
2013-12-20,"Sydney",0,37.8,41,33,1011.1,3
2013-12-21,"Sydney",0,26.3,61,79,1015.6,1
2013-12-22,"Sydney",0,31.2,63,56,1008.2,7
2013-12-23,"Sydney",0,36.6,72,30,1004.2,7
2013-12-24,"Sydney",0,21.5,52,66,1018.7,7
2013-12-25,"Sydney",0.4,21.5,37,89,1016.5,8
2013-12-26,"Sydney",15.8,25,54,60,1010.7,1
2013-12-27,"Sydney",1.2,25.8,39,61,1011,5
2013-12-28,"Sydney",0,27.6,57,50,1007.6,1
2013-12-29,"Sydney",0,22.9,89,59,1013.1,1
2013-12-30,"Sydney",0,25.6,48,43,1011.7,1
2013-12-31,"Sydney",0,30.2,37,51,1011.1,1
2014-01-01,"Sydney",0,28.1,52,55,1011.2,8
2014-01-02,"Sydney",0,36.8,63,62,1002.5,7
2014-01-03,"Sydney",0.4,28.3,41,45,999.8,6
2014-01-04,"Sydney",0,26.3,65,51,1002.5,1
2014-01-05,"Sydney",0,29,72,55,1005.4,2
2014-01-06,"Sydney",0,30.6,50,27,1007.5,1
2014-01-07,"Sydney",0,22.4,54,59,1019.3,7
2014-01-08,"Sydney",0.2,22.5,44,67,1022.6,7
2014-01-09,"Sydney",0.2,24,41,46,1023.1,7
2014-01-10,"Sydney",0.6,27.8,50,53,1019.6,3
2014-01-11,"Sydney",0,31.9,37,41,1014.3,2
2014-01-12,"Sydney",0,27.9,37,65,1017,3
2014-01-13,"Sydney",0,26.1,35,51,1020.1,2
2014-01-14,"Sydney",0,29.7,52,41,1019.4,0
2014-01-15,"Sydney",0,31.3,65,45,1017.8,1
2014-01-16,"Sydney",0,30.8,46,51,1016.5,0
2014-01-17,"Sydney",0,30.8,63,46,1013.9,0
2014-01-18,"Sydney",0,31.8,56,41,1009,0
2014-01-19,"Sydney",0,25.5,52,84,1009.1,6
2014-01-20,"Sydney",0.2,26.2,44,80,1008.2,7
2014-01-21,"Sydney",2.2,25.4,30,64,1008,7
2014-01-22,"Sydney",3.4,23.5,48,67,1020,7
2014-01-23,"Sydney",0.4,26,37,45,1020.9,7
2014-01-24,"Sydney",0,28.4,63,53,1007.5,8
2014-01-25,"Sydney",3.4,22.9,61,49,1014.9,4
2014-01-26,"Sydney",0.8,22.8,33,44,1024.2,7
2014-01-27,"Sydney",0,27.3,50,41,1022.1,3
2014-01-28,"Sydney",0,28.7,65,44,1018.2,1
2014-01-29,"Sydney",0,30.9,57,42,1013.7,1
2014-01-30,"Sydney",0,30.4,63,35,1016.6,0
2014-01-31,"Sydney",0,30.5,52,35,1011.7,1
2014-02-01,"Sydney",0,27.8,44,63,1012.7,3
2014-02-02,"Sydney",0,29.7,52,43,1014.5,1
2014-02-03,"Sydney",0,30.1,65,38,1011.8,0
2014-02-04,"Sydney",0,25.4,67,89,1019.6,8
2014-02-05,"Sydney",0.8,23.6,46,53,1022.5,7
2014-02-06,"Sydney",0.4,24.3,33,47,1017.8,7
2014-02-07,"Sydney",0,27.7,50,44,1015,1
2014-02-08,"Sydney",0,29.8,54,38,1016,0
2014-02-09,"Sydney",0,30.7,57,41,1015.3,0
2014-02-10,"Sydney",0.2,23.5,76,69,1017.6,6
2014-02-11,"Sydney",0,26,35,77,1014.9,2
2014-02-12,"Sydney",0,28,41,59,1015.5,7
2014-02-13,"Sydney",1.2,29.8,50,44,1011.2,8
2014-02-14,"Sydney",0,25.7,31,76,1006.4,8
2014-02-15,"Sydney",2.6,27.1,35,79,999.3,8
2014-02-16,"Sydney",4.6,24.4,56,92,1001.4,8
2014-02-17,"Sydney",17.4,25.3,44,56,1013.6,4
2014-02-18,"Sydney",0,25.1,31,68,1009.8,7
2014-02-19,"Sydney",0,29.3,41,91,1002.2,8
2014-02-20,"Sydney",24.6,27.8,33,39,1008,2
2014-02-21,"Sydney",0,25.5,48,56,1015.9,1
2014-02-22,"Sydney",0,24.3,37,63,1019.3,4
2014-02-23,"Sydney",0,24.4,43,60,1022.1,2
2014-02-24,"Sydney",0,27,41,54,1018,1
2014-02-25,"Sydney",0,28.9,56,41,1013.4,1
2014-02-26,"Sydney",0,34.9,54,33,1009.8,7
2014-02-27,"Sydney",6.2,21.8,54,83,1019.2,7
2014-02-28,"Sydney",0,21.9,46,64,1022.5,7
2014-03-01,"Sydney",8.8,23.8,44,66,1019.2,8
2014-03-02,"Sydney",4.2,23.8,39,86,1020.6,8
2014-03-03,"Sydney",0.2,24.9,35,86,1024.7,7
2014-03-04,"Sydney",4.8,26.3,28,68,1023.7,7
2014-03-05,"Sydney",0,30.7,59,47,1013.7,3
2014-03-06,"Sydney",12,24.3,59,71,1018.5,7
2014-03-07,"Sydney",0.2,28.1,37,55,1018.5,5
2014-03-08,"Sydney",0,28.6,46,62,1021.5,2
2014-03-09,"Sydney",0.2,28.2,37,45,1020.9,3
2014-03-10,"Sydney",0,29.5,41,43,1021.4,2
2014-03-11,"Sydney",0,28.7,44,42,1021.2,1
2014-03-12,"Sydney",0,28.6,35,49,1015.5,7
2014-03-13,"Sydney",30.6,24.7,56,73,1018.5,3
2014-03-14,"Sydney",0,28.6,48,49,1014.6,1
2014-03-15,"Sydney",0,28.3,50,53,1008.2,7
2014-03-16,"Sydney",9.6,29.3,57,63,1004.5,7
2014-03-17,"Sydney",3.8,28,43,22,1015,1
2014-03-18,"Sydney",0,30.8,35,29,1018.6,5
2014-03-19,"Sydney",0,25.5,59,71,1023.6,6
2014-03-20,"Sydney",0,27.3,39,56,1024.2,3
2014-03-21,"Sydney",4.2,28.2,41,47,1018.8,4
2014-03-22,"Sydney",0,30,46,51,1014.1,2
2014-03-23,"Sydney",1.4,29.1,35,56,1013.2,7
2014-03-24,"Sydney",0,22.6,72,92,1015.4,8
2014-03-25,"Sydney",40,25.4,31,70,1019.8,7
2014-03-26,"Sydney",0.2,25.6,46,76,1021.2,7
2014-03-27,"Sydney",22.8,23.3,54,70,1020.1,8
2014-03-28,"Sydney",6.4,25.4,24,63,1013.4,8
2014-03-29,"Sydney",1.2,23.5,46,71,1015.1,7
2014-03-30,"Sydney",0,25.1,35,67,1019.3,3
2014-03-31,"Sydney",2.8,24.9,26,61,1019.6,6
2014-04-01,"Sydney",0,28.5,37,48,1017.1,7
2014-04-02,"Sydney",0,28.1,31,60,1014.3,1
2014-04-03,"Sydney",0,28.9,41,57,1014.7,7
2014-04-04,"Sydney",0.2,21.5,50,86,1016.6,8
2014-04-05,"Sydney",4.6,23.3,70,77,1016.8,3
2014-04-06,"Sydney",2.2,21.3,59,90,1021.1,8
2014-04-07,"Sydney",18.6,22,46,50,1023.6,6
2014-04-08,"Sydney",2.2,23.4,26,51,1020,6
2014-04-09,"Sydney",0,24.7,28,55,1017.8,7
2014-04-10,"Sydney",0,24,20,78,1012.8,8
2014-04-11,"Sydney",5,27.1,52,57,1002.9,7
2014-04-12,"Sydney",8,21.1,72,72,1012.1,6
2014-04-13,"Sydney",1.4,20.7,54,82,1016.1,7
2014-04-14,"Sydney",2.4,19.1,54,75,1018.8,5
2014-04-15,"Sydney",1.6,20.7,52,83,1018.3,8
2014-04-16,"Sydney",15.2,20.8,48,68,1017.4,3
2014-04-17,"Sydney",0,21.1,52,54,1017.5,1
2014-04-18,"Sydney",0,26.6,44,30,1011.6,3
2014-04-19,"Sydney",0,19.6,54,51,1015,1
2014-04-20,"Sydney",0,24,33,52,1014.6,1
2014-04-21,"Sydney",0,23.7,28,40,1018.5,3
2014-04-22,"Sydney",0,25.4,30,33,1014.8,7
2014-04-23,"Sydney",0,24.1,26,46,1014.8,3
2014-04-24,"Sydney",0,30.1,52,22,1011.1,7
2014-04-25,"Sydney",0,21.9,44,64,1019.2,1
2014-04-26,"Sydney",4.8,24.8,31,49,1011.4,7
2014-04-27,"Sydney",0.4,19.1,48,85,1023.1,7
2014-04-28,"Sydney",2.6,22.3,26,61,1021.9,6
2014-04-29,"Sydney",0,26.4,33,59,1013.1,7
2014-04-30,"Sydney",3.4,23.9,50,32,1011.7,2
2014-05-01,"Sydney",0,19.8,35,45,1013.7,1
2014-05-02,"Sydney",0,22.7,57,27,1001.7,6
2014-05-03,"Sydney",2.6,16.1,52,40,994.9,7
2014-05-04,"Sydney",4.6,20.3,65,28,1003.9,1
2014-05-05,"Sydney",0,21,37,27,1016.7,3
2014-05-06,"Sydney",0,20.2,35,53,1018.6,3
2014-05-07,"Sydney",0.2,18,50,52,1023,2
2014-05-08,"Sydney",0,18.2,54,64,1024.2,6
2014-05-09,"Sydney",1,20.4,30,64,1023.6,7
2014-05-10,"Sydney",0,24.4,28,41,1019.8,7
2014-05-11,"Sydney",0,22.3,50,70,1022,3
2014-05-12,"Sydney",0.2,20.2,50,64,1028.6,2
2014-05-13,"Sydney",8.4,21.5,28,57,1027.1,3
2014-05-14,"Sydney",0,23.2,35,51,1025.7,2
2014-05-15,"Sydney",0,23.4,24,51,1025.1,1
2014-05-16,"Sydney",0,25.4,28,30,1026.7,1
2014-05-17,"Sydney",0,25.7,28,23,1026.4,3
2014-05-18,"Sydney",0,24.2,20,37,1025.1,7
2014-05-19,"Sydney",0,26.2,30,33,1022.3,1
2014-05-20,"Sydney",0,25.6,28,34,1019.4,7
2014-05-21,"Sydney",0,21.7,37,63,1022.7,2
2014-05-22,"Sydney",0,26.5,28,26,1018.5,1
2014-05-23,"Sydney",0,26.5,28,33,1012.7,5
2014-05-24,"Sydney",0,25.1,44,49,1013.9,6
2014-05-25,"Sydney",0,25.6,33,56,1017,2
2014-05-26,"Sydney",0,25.1,31,56,1020.6,6
2014-05-27,"Sydney",0,25.2,54,40,1010.2,7
2014-05-28,"Sydney",0,25.2,50,25,1013.4,1
2014-05-29,"Sydney",0,20,46,68,1022.2,5
2014-05-30,"Sydney",0,19.1,44,77,1024.7,3
2014-05-31,"Sydney",2.6,21.9,35,56,1022.7,4
2014-06-01,"Sydney",23.8,21.7,48,80,1017.8,8
2014-06-02,"Sydney",0.8,22.5,35,43,1014.7,3
2014-06-03,"Sydney",0,20.8,54,39,1016.2,1
2014-06-04,"Sydney",0,21,33,68,1022.8,3
2014-06-05,"Sydney",28.4,17.6,39,90,1023.9,7
2014-06-06,"Sydney",38.2,16.4,56,75,1024.5,7
2014-06-07,"Sydney",1.4,17.5,50,65,1024.9,6
2014-06-08,"Sydney",0,16.6,54,63,1025.7,7
2014-06-09,"Sydney",1.6,18.5,54,83,1027.2,7
2014-06-10,"Sydney",9.2,18.5,48,46,1027.4,1
2014-06-11,"Sydney",2.6,18.9,35,78,1022.7,6
2014-06-12,"Sydney",0,20.9,26,41,1018.7,6
2014-06-13,"Sydney",0,21.3,24,41,1014.8,7
2014-06-14,"Sydney",3.8,20.6,37,49,1009,2
2014-06-15,"Sydney",0.2,17,56,47,1008.4,7
2014-06-16,"Sydney",0.4,20.5,44,32,1018.2,1
2014-06-17,"Sydney",0,18.3,48,51,1023.9,5
2014-06-18,"Sydney",0,17.9,39,62,1028,1
2014-06-19,"Sydney",0,21.2,28,53,1022.8,3
2014-06-20,"Sydney",0,22.3,33,50,1015.9,6
2014-06-21,"Sydney",0,20.3,33,38,1018.4,1
2014-06-22,"Sydney",0,18.5,35,66,1020,1
2014-06-23,"Sydney",0,18,52,48,1008,7
2014-06-24,"Sydney",0,17.5,81,29,1003.8,1
2014-06-25,"Sydney",0,18.7,85,29,1012.6,1
2014-06-26,"Sydney",0,22,44,29,1017.9,5
2014-06-27,"Sydney",0,21,33,35,1015,7
2014-06-28,"Sydney",0,23.2,94,20,999.7,2
2014-06-29,"Sydney",0,17.4,61,28,1004.5,3
2014-06-30,"Sydney",0,16.6,50,26,1015.9,1
2014-07-01,"Sydney",0,18.1,43,41,1024,1
2014-07-02,"Sydney",0,18,37,51,1025.1,1
2014-07-03,"Sydney",0,17.9,24,53,1023.1,1
2014-07-04,"Sydney",0,22.2,28,19,1016.3,1
2014-07-05,"Sydney",0,18.2,57,28,1012.2,1
2014-07-06,"Sydney",0,18,50,34,1010.8,1
2014-07-07,"Sydney",0,19.1,44,40,1012,2
2014-07-08,"Sydney",0,18.8,37,40,1012,1
2014-07-09,"Sydney",0,21.7,81,17,999.3,1
2014-07-10,"Sydney",1.2,17.7,74,28,1005,2
2014-07-11,"Sydney",0,19.1,52,28,1016,0
2014-07-12,"Sydney",0,18.5,61,30,1017,1
2014-07-13,"Sydney",0,14.1,46,58,1027.4,3
2014-07-14,"Sydney",0,16,37,73,1029.1,6
2014-07-15,"Sydney",1.2,16.9,26,70,1021.2,8
2014-07-16,"Sydney",1.6,19.4,39,46,1010.7,2
2014-07-17,"Sydney",0.2,20.5,59,25,1008.4,3
2014-07-18,"Sydney",0,15.8,65,32,1011.4,4
2014-07-19,"Sydney",0,14.3,70,65,1021.4,6
2014-07-20,"Sydney",0,14.8,54,66,1024.9,7
2014-07-21,"Sydney",0,17,33,72,1023.2,7
2014-07-22,"Sydney",0,16.9,28,75,1022.3,2
2014-07-23,"Sydney",0.2,17.2,22,56,1021.5,5
2014-07-24,"Sydney",0,19.8,24,44,1018.8,7
2014-07-25,"Sydney",0,20.5,41,53,1019.4,7
2014-07-26,"Sydney",5.6,19.6,31,50,1020.4,3
2014-07-27,"Sydney",2,18.4,37,50,1021.5,1
2014-07-28,"Sydney",0,19.4,44,34,1017.8,6
2014-07-29,"Sydney",0,23.9,44,22,1012.5,1
2014-07-30,"Sydney",0,25.1,44,25,1014.4,1
2014-07-31,"Sydney",0,25.8,59,16,1006.7,0
2014-08-01,"Sydney",0,19.8,80,17,1009,1
2014-08-02,"Sydney",0,13.8,52,45,1026.9,1
2014-08-03,"Sydney",0,15.1,31,51,1032.3,1
2014-08-04,"Sydney",0,18.8,31,54,1030.5,4
2014-08-05,"Sydney",0,18.3,37,51,1030.2,1
2014-08-06,"Sydney",0,21.8,35,24,1025.9,1
2014-08-07,"Sydney",0,17.8,44,46,1027.6,1
2014-08-08,"Sydney",1.6,16.4,28,71,1029.7,3
2014-08-09,"Sydney",0,21.2,28,50,1024.4,3
2014-08-10,"Sydney",0,22.9,43,25,1017.5,1
2014-08-11,"Sydney",0.8,13.1,54,51,1025.1,5
2014-08-12,"Sydney",28.2,13.2,52,81,1028.1,7
2014-08-13,"Sydney",18.2,14.4,48,52,1031.9,2
2014-08-14,"Sydney",0,16.5,35,64,1032.6,2
2014-08-15,"Sydney",0,17.6,31,62,1026.6,1
2014-08-16,"Sydney",0,16.8,31,65,1019.1,7
2014-08-17,"Sydney",35.6,17.4,43,77,1004.1,7
2014-08-18,"Sydney",35.4,15.6,89,96,1004.9,8
2014-08-19,"Sydney",36.8,16,72,79,1016.7,7
2014-08-20,"Sydney",9.2,15.3,52,59,1024.3,6
2014-08-21,"Sydney",13,17.5,48,76,1027.1,3
2014-08-22,"Sydney",3.2,16.8,41,78,1029.1,3
2014-08-23,"Sydney",6.2,17.2,39,92,1029.3,7
2014-08-24,"Sydney",3.8,19.1,24,56,1026.3,2
2014-08-25,"Sydney",0,20.1,39,62,1022.5,2
2014-08-26,"Sydney",17.8,16.4,56,90,1022.7,7
2014-08-27,"Sydney",28.8,17.8,54,64,1023.9,5
2014-08-28,"Sydney",12.4,18.7,50,55,1025.9,4
2014-08-29,"Sydney",1.8,16,65,74,1024,4
2014-08-30,"Sydney",2.4,16.3,61,81,1021.5,7
2014-08-31,"Sydney",1.2,19.3,39,61,1017.3,1
2014-09-01,"Sydney",0,25.2,33,33,1010.5,7
2014-09-02,"Sydney",0,17.8,59,75,1008,7
2014-09-03,"Sydney",5.2,15.1,83,44,1012.3,5
2014-09-04,"Sydney",0,15.2,65,62,1015.1,6
2014-09-05,"Sydney",4.2,15.8,50,65,1021.7,2
2014-09-06,"Sydney",6.8,17.7,48,75,1028.4,7
2014-09-07,"Sydney",10.4,17.2,35,79,1028.3,2
2014-09-08,"Sydney",2.6,20.8,43,48,1024.1,2
2014-09-09,"Sydney",0,24.2,52,49,1012.4,4
2014-09-10,"Sydney",5.8,23.4,63,28,1009.1,3
2014-09-11,"Sydney",0,26.5,59,22,1013.4,1
2014-09-12,"Sydney",0,16.8,52,54,1024.3,4
2014-09-13,"Sydney",0,18.7,33,68,1023.4,4
2014-09-14,"Sydney",1.2,24.2,31,60,1016.1,1
2014-09-15,"Sydney",0,21.1,37,53,1015,5
2014-09-16,"Sydney",0.4,23.2,59,54,1005.3,3
2014-09-17,"Sydney",0,22.4,59,19,1010.1,3
2014-09-18,"Sydney",0,18,48,41,1017.3,3
2014-09-19,"Sydney",0,20.9,31,37,1018.6,7
2014-09-20,"Sydney",0,17.9,46,47,1023.8,1
2014-09-21,"Sydney",0.4,19.1,41,47,1027.4,2
2014-09-22,"Sydney",0,20.1,33,45,1028.8,1
2014-09-23,"Sydney",0,22.8,43,39,1025.9,0
2014-09-24,"Sydney",0,25.7,43,49,1016.3,3
2014-09-25,"Sydney",0,24,57,68,1009.8,7
2014-09-26,"Sydney",4.6,18.9,50,53,1016,5
2014-09-27,"Sydney",0.2,20.3,35,50,1019.4,1
2014-09-28,"Sydney",0,25.2,57,44,1015.7,0
2014-09-29,"Sydney",0,33.5,41,14,1010.7,0
2014-09-30,"Sydney",0,34.2,61,11,1006.5,5
2014-10-01,"Sydney",0,19.9,63,37,1018.5,1
2014-10-02,"Sydney",0,24.8,37,30,1016.6,0
2014-10-03,"Sydney",0,21.1,33,57,1019.6,7
2014-10-04,"Sydney",0,24,44,62,1015.3,1
2014-10-05,"Sydney",0,34.4,72,11,1012.5,1
2014-10-06,"Sydney",0,27,57,51,1012,2
2014-10-07,"Sydney",0,25,54,30,1008.3,1
2014-10-08,"Sydney",4.2,20,43,53,1018.1,2
2014-10-09,"Sydney",0,22.4,43,46,1020,1
2014-10-10,"Sydney",0,24.7,46,45,1015.1,6
2014-10-11,"Sydney",0,29,37,77,1013.8,1
2014-10-12,"Sydney",0,29.3,63,42,1013.2,1
2014-10-13,"Sydney",0,25.7,76,72,1005,8
2014-10-14,"Sydney",11.4,19.2,107,40,1008.5,7
2014-10-15,"Sydney",106.8,16.4,102,54,1013.5,7
2014-10-16,"Sydney",0.4,22.8,39,38,1015.6,6
2014-10-17,"Sydney",0,18.1,54,69,1025,3
2014-10-18,"Sydney",0.2,20.8,33,41,1027.3,1
2014-10-19,"Sydney",0,25.5,46,39,1022.2,1
2014-10-20,"Sydney",0,19.2,80,69,1029.7,8
2014-10-21,"Sydney",0,19.8,35,47,1030.8,7
2014-10-22,"Sydney",0,23.3,50,48,1021.7,1
2014-10-23,"Sydney",0,27.6,28,49,1015.9,2
2014-10-24,"Sydney",0.2,28.1,57,58,1014.3,5
2014-10-25,"Sydney",0.2,25.4,41,83,1013.9,6
2014-10-26,"Sydney",0.8,30.9,50,79,1008.4,5
2014-10-27,"Sydney",0,33.2,83,20,1002.6,7
2014-10-28,"Sydney",0,29.5,50,10,1008.5,1
2014-10-29,"Sydney",0,23.9,46,58,1015.7,2
2014-10-30,"Sydney",0,32.9,44,17,1011.3,3
2014-10-31,"Sydney",0,31.9,50,29,1007.7,6
2014-11-01,"Sydney",0,37,76,34,997.9,6
2014-11-02,"Sydney",1.2,22.2,65,24,1018.1,1
2014-11-03,"Sydney",0,22.7,39,65,1023.9,4
2014-11-04,"Sydney",0,24.2,52,51,1019.1,2
2014-11-05,"Sydney",0,26,72,68,1012.8,7
2014-11-06,"Sydney",3.8,21.2,54,68,1014,6
2014-11-07,"Sydney",0,23.5,37,53,1019.6,5
2014-11-08,"Sydney",0,25.5,52,52,1018.7,0
2014-11-09,"Sydney",0,22.2,57,72,1017.7,6
2014-11-10,"Sydney",0,23,39,60,1016.9,6
2014-11-11,"Sydney",0,22,39,69,1019.9,8
2014-11-12,"Sydney",0,22.6,39,51,1016.1,1
2014-11-13,"Sydney",0,25.2,48,61,1015.5,7
2014-11-14,"Sydney",0,38,83,29,1006.1,7
2014-11-15,"Sydney",0,22,48,63,1010,8
2014-11-16,"Sydney",5.8,29,85,23,1001.5,2
2014-11-17,"Sydney",0,24.6,39,38,1011.9,3
2014-11-18,"Sydney",0,23.8,48,68,1016.5,1
2014-11-19,"Sydney",0,25.6,46,55,1018.5,5
2014-11-20,"Sydney",0,30.6,56,51,1008.2,6
2014-11-21,"Sydney",0,37,63,58,1004.9,2
2014-11-22,"Sydney",0,26.1,44,56,1011.6,7
2014-11-23,"Sydney",0,33,57,41,1007.3,3
2014-11-24,"Sydney",0,30,35,69,1007.2,6
2014-11-25,"Sydney",2.8,24.3,52,57,1016.4,5
2014-11-26,"Sydney",0,26,50,59,1016.7,7
2014-11-27,"Sydney",0,21.2,48,61,1022.5,7
2014-11-28,"Sydney",0,24.3,44,42,1021.3,2
2014-11-29,"Sydney",0,27.6,52,45,1015,4
2014-11-30,"Sydney",0,29.5,54,55,1010.7,4
2014-12-01,"Sydney",2,29.4,54,56,1007.5,7
2014-12-02,"Sydney",5.2,31.2,69,48,1008.5,2
2014-12-03,"Sydney",1,33.1,72,40,1009.1,7
2014-12-04,"Sydney",9,29.6,57,63,1008.9,7
2014-12-05,"Sydney",21.4,29.3,41,41,1005.4,5
2014-12-06,"Sydney",0.6,28.5,46,51,1004.1,7
2014-12-07,"Sydney",17,29.4,37,60,1003.7,4
2014-12-08,"Sydney",27.6,32.7,76,43,1006.1,7
2014-12-09,"Sydney",1.4,24.6,37,66,1014.4,6
2014-12-10,"Sydney",0,25.8,39,70,1011.4,7
2014-12-11,"Sydney",7.8,22.7,80,82,1008.7,7
2014-12-12,"Sydney",9.8,22,69,59,1018.4,3
2014-12-13,"Sydney",0,23.5,46,55,1017.2,4
2014-12-14,"Sydney",0,26,44,42,1010.4,1
2014-12-15,"Sydney",0,28.4,44,47,1010.6,1
2014-12-16,"Sydney",0,26.8,78,59,999,3
2014-12-17,"Sydney",0,23,69,51,1008,7
2014-12-18,"Sydney",0,27.5,41,61,1005.6,6
2014-12-19,"Sydney",0,22.7,69,46,1013.3,1
2014-12-20,"Sydney",0,23.7,37,45,1016.5,1
2014-12-21,"Sydney",0,28.1,59,48,1015.8,1
2014-12-22,"Sydney",0,29.3,61,55,1014.6,5
2014-12-23,"Sydney",0,28.8,48,83,1012.5,8
2014-12-24,"Sydney",2.6,24.2,56,80,1014,7
2014-12-25,"Sydney",0,29.4,50,60,1005.5,7
2014-12-26,"Sydney",13.8,27.4,56,73,1011.6,6
2014-12-27,"Sydney",0,22.2,33,49,1020.7,7
2014-12-28,"Sydney",0,26.2,33,49,1015.8,7
2014-12-29,"Sydney",0,28.5,54,58,1003.8,1
2014-12-30,"Sydney",0,35.2,54,11,1003.3,0
2014-12-31,"Sydney",0,26,50,52,1014.5,2
2015-01-01,"Sydney",0.2,30.7,52,56,1011,3
2015-01-02,"Sydney",0.2,27.5,50,86,1018,7
2015-01-03,"Sydney",0,31.4,65,55,1017.1,1
2015-01-04,"Sydney",0,33.8,69,51,1012.2,7
2015-01-05,"Sydney",0,25.8,41,70,1018.9,7
2015-01-06,"Sydney",0,28.8,35,54,1019.9,3
2015-01-07,"Sydney",0,31.5,52,39,1017.8,1
2015-01-08,"Sydney",0,30.8,69,43,1011.4,1
2015-01-09,"Sydney",0,33.3,57,51,1007.2,2
2015-01-10,"Sydney",0.4,28.4,63,68,1009.1,8
2015-01-11,"Sydney",20.6,23.1,48,92,1012.5,8
2015-01-12,"Sydney",7.2,23.2,61,75,1013.3,7
2015-01-13,"Sydney",4.6,29.9,59,65,1005.3,5
2015-01-14,"Sydney",1,35,56,29,997,2
2015-01-15,"Sydney",0,27.1,39,56,1004.3,1
2015-01-16,"Sydney",0,29.1,35,56,1005.5,2
2015-01-17,"Sydney",0,35.8,50,29,1005,1
2015-01-18,"Sydney",0,27.2,39,59,1010.1,6
2015-01-19,"Sydney",0.4,23,48,65,1015.4,8
2015-01-20,"Sydney",3.6,27.1,50,49,1011.7,5
2015-01-21,"Sydney",13,29.1,48,52,1010.6,3
2015-01-22,"Sydney",0,29.3,41,53,1011.9,1
2015-01-23,"Sydney",0,31.7,56,51,1006.8,2
2015-01-24,"Sydney",0,31.6,52,41,1004.6,1
2015-01-25,"Sydney",0.6,36.6,69,38,1001.1,5
2015-01-26,"Sydney",0.4,21.1,54,83,1013.4,8
2015-01-27,"Sydney",18.4,20.6,43,94,1012.7,8
2015-01-28,"Sydney",43.2,21.5,54,80,1013.3,7
2015-01-29,"Sydney",6.2,21.7,65,54,1010.9,3
2015-01-30,"Sydney",0,25.2,43,44,1005.6,3
2015-01-31,"Sydney",0,25.6,31,39,1005.8,2
2015-02-01,"Sydney",0,25.2,48,64,1009.5,6
2015-02-02,"Sydney",0,22.7,67,71,1016,2
2015-02-03,"Sydney",0,24,48,57,1017.7,2
2015-02-04,"Sydney",0,23.5,56,66,1015.9,6
2015-02-05,"Sydney",2,24,52,66,1024.2,7
2015-02-06,"Sydney",0,25.8,31,50,1026.3,7
2015-02-07,"Sydney",0,27.7,41,49,1021.6,4
2015-02-08,"Sydney",0,33.1,28,43,1016.6,1
2015-02-09,"Sydney",0,27.1,57,63,1024.1,7
2015-02-10,"Sydney",0,28.8,39,61,1023.1,3
2015-02-11,"Sydney",0.2,30.7,46,48,1020.8,2
2015-02-12,"Sydney",0,30.2,37,62,1021.1,5
2015-02-13,"Sydney",22.2,27,35,58,1023.4,5
2015-02-14,"Sydney",1,29.5,43,48,1019.8,7
2015-02-15,"Sydney",1,29.1,39,53,1015,3
2015-02-16,"Sydney",0,29.8,52,54,1015.5,7
2015-02-17,"Sydney",0,29.8,54,48,1017.4,2
2015-02-18,"Sydney",0,30,50,48,1018.9,2
2015-02-19,"Sydney",0.2,27.5,44,61,1019.4,5
2015-02-20,"Sydney",0,27.4,39,65,1016.1,7
2015-02-21,"Sydney",5.8,24.7,37,81,1016,8
2015-02-22,"Sydney",3.6,27.7,37,58,1016.9,6
2015-02-23,"Sydney",0,28,39,60,1014.4,4
2015-02-24,"Sydney",0,24.1,63,74,1015.2,6
2015-02-25,"Sydney",0,23.6,50,85,1015.2,7
2015-02-26,"Sydney",11.4,28.4,30,63,1007.1,7
2015-02-27,"Sydney",0.6,27,31,61,1009.6,2
2015-02-28,"Sydney",0,29.4,44,56,1008.4,7
2015-03-01,"Sydney",0,37.9,96,27,1002.5,7
2015-03-02,"Sydney",10.6,24.2,52,68,1017.6,7
2015-03-03,"Sydney",0,28.7,37,44,1012.9,2
2015-03-04,"Sydney",0,28.4,35,61,1009.9,3
2015-03-05,"Sydney",0,27.5,59,58,1008.7,4
2015-03-06,"Sydney",0,30.5,54,20,1003.9,1
2015-03-07,"Sydney",0.2,27,48,50,1009.8,2
2015-03-08,"Sydney",0,24.6,41,76,1009.5,7
2015-03-09,"Sydney",0,31.3,35,34,1009.5,1
2015-03-10,"Sydney",0,25.5,46,72,1016.5,7
2015-03-11,"Sydney",0,30.2,44,56,1013.1,1
2015-03-12,"Sydney",0.2,25.6,50,67,1013.2,6
2015-03-13,"Sydney",0.2,22.6,59,84,1019.8,7
2015-03-14,"Sydney",2,24.8,37,46,1014.4,2
2015-03-15,"Sydney",0,22.8,69,64,1012.7,6
2015-03-16,"Sydney",7.2,23.8,48,39,1015.8,5
2015-03-17,"Sydney",0,25.3,37,49,1011.8,7
2015-03-18,"Sydney",0,29.8,39,75,1004,2
2015-03-19,"Sydney",0,28.1,37,59,1010.4,1
2015-03-20,"Sydney",0,30.7,72,85,1012.1,5
2015-03-21,"Sydney",3.6,23.4,57,46,1025.5,6
2015-03-22,"Sydney",1.4,25.3,37,54,1021.9,7
2015-03-23,"Sydney",3.2,28.2,50,56,1013.3,6
2015-03-24,"Sydney",0,26.5,39,92,1010.5,8
2015-03-25,"Sydney",14.6,23.2,54,63,1016.8,3
2015-03-26,"Sydney",0,29.2,39,26,1015.1,1
2015-03-27,"Sydney",0,27.1,56,22,1017.1,0
2015-03-28,"Sydney",0,23.1,33,46,1022.2,2
2015-03-29,"Sydney",0,26.4,35,50,1021,6
2015-03-30,"Sydney",0,24.4,56,61,1022.8,5
2015-03-31,"Sydney",9.6,23.8,37,81,1025,6
2015-04-01,"Sydney",22.6,27,39,65,1020.8,5
2015-04-02,"Sydney",0,31,52,38,1016,7
2015-04-03,"Sydney",0.6,19.8,54,85,1022.9,8
2015-04-04,"Sydney",17.6,19.7,52,82,1017.6,8
2015-04-05,"Sydney",14,23.2,41,68,1005.8,4
2015-04-06,"Sydney",0,25.7,48,86,1007,8
2015-04-07,"Sydney",2.6,24.3,69,30,1007.1,2
2015-04-08,"Sydney",0.4,23,65,40,1013.2,6
2015-04-09,"Sydney",0,20.4,65,54,1020.1,3
2015-04-11,"Sydney",7.4,21.1,30,69,1019.5,5
2015-04-12,"Sydney",0,21.5,54,70,1018.1,7
2015-04-13,"Sydney",0,20.8,52,58,1021.3,3
2015-04-14,"Sydney",0,23.3,30,52,1021.4,3
2015-04-15,"Sydney",0,26.7,46,58,1021.3,2
2015-04-16,"Sydney",0,32.6,52,27,1018.9,7
2015-04-17,"Sydney",2,25.2,26,86,1021.2,8
2015-04-18,"Sydney",1.2,29.4,56,48,1013.5,8
2015-04-19,"Sydney",1.8,21.9,70,80,1019.7,7
2015-04-20,"Sydney",5.4,17.2,91,97,1020.6,8
2015-04-21,"Sydney",88.6,18,96,96,1016.7,8
2015-04-22,"Sydney",72.8,18.8,89,87,1010.2,7
2015-04-23,"Sydney",70.8,21.2,33,82,1009.7,4
2015-04-24,"Sydney",0,27.9,30,40,1004.1,4
2015-04-25,"Sydney",0,24.6,46,43,1004.7,3
2015-04-26,"Sydney",8.8,17.5,52,73,1010.5,6
2015-04-27,"Sydney",3.6,18.2,43,50,1019,1
2015-04-28,"Sydney",0,18.6,41,53,1024.6,1
2015-04-29,"Sydney",0.4,18.4,48,71,1028.9,7
2015-04-30,"Sydney",22.6,19.4,37,63,1028.6,6
2015-05-01,"Sydney",19.2,21.7,44,76,1024.5,7
2015-05-02,"Sydney",10.4,23.6,50,92,1016.6,7
2015-05-03,"Sydney",27.8,20.6,54,84,1012.8,6
2015-05-04,"Sydney",0.4,20.9,39,79,1013.2,6
2015-05-05,"Sydney",0,28.6,50,25,1003.2,1
2015-05-06,"Sydney",0,21.5,56,27,1012.6,0
2015-05-07,"Sydney",0,20.9,61,31,1015.7,1
2015-05-08,"Sydney",0,21.4,48,31,1016,0
2015-05-09,"Sydney",0,22.2,46,31,1013.7,1
2015-05-10,"Sydney",0,22,63,28,1005.9,5
2015-05-11,"Sydney",0,22.2,67,37,1009.8,1
2015-05-12,"Sydney",0,23.5,61,29,1009.9,1
2015-05-13,"Sydney",0,17.4,69,29,1016.4,6
2015-05-14,"Sydney",2.2,18.2,54,39,1024.3,2
2015-05-15,"Sydney",0,17.9,50,70,1030.9,5
2015-05-16,"Sydney",0.6,18.3,50,67,1033.7,3
2015-05-17,"Sydney",0.4,19.2,28,68,1032.2,6
2015-05-18,"Sydney",0,19,22,83,1027.4,8
2015-05-19,"Sydney",0,22.5,28,54,1015.2,6
2015-05-20,"Sydney",2,25.4,33,43,1013,7
2015-05-21,"Sydney",0,20.7,52,65,1016.8,5
2015-05-22,"Sydney",9.8,17.4,87,62,1020.3,6
2015-05-23,"Sydney",16.6,16.9,48,56,1028.1,3
2015-05-24,"Sydney",0,18.6,35,52,1030.7,2
2015-05-25,"Sydney",0,19.7,24,48,1028.4,7
2015-05-26,"Sydney",0,18.8,28,66,1026.6,7
2015-05-27,"Sydney",0,22.3,26,38,1021.6,6
2015-05-28,"Sydney",0,23.1,28,40,1020,5
2015-05-29,"Sydney",0.4,21.1,31,52,1020,6
2015-05-30,"Sydney",0,19.1,31,51,1017.8,7
2015-05-31,"Sydney",0,16.5,35,45,1012.2,7
2015-06-01,"Sydney",0,14.6,65,27,1016.9,2
2015-06-02,"Sydney",0,14.8,50,50,1022.4,1
2015-06-03,"Sydney",0,16.5,37,63,1020.7,6
2015-06-04,"Sydney",0,19.3,28,42,1017.7,2
2015-06-05,"Sydney",0,16.9,57,50,1019.2,1
2015-06-06,"Sydney",0,21,28,46,1026.9,1
2015-06-07,"Sydney",0,22.3,26,39,1023.7,5
2015-06-08,"Sydney",0,23.6,65,30,1019.1,1
2015-06-09,"Sydney",0,23.3,35,28,1019.4,5
2015-06-10,"Sydney",1.2,15.2,48,76,1031.2,7
2015-06-11,"Sydney",1.6,17,37,63,1034.3,7
2015-06-12,"Sydney",0,19.1,26,70,1031.5,6
2015-06-13,"Sydney",0,20.3,31,43,1027,7
2015-06-14,"Sydney",0,19.7,33,62,1025.6,3
2015-06-15,"Sydney",0,18.6,37,79,1025.1,7
2015-06-16,"Sydney",2.6,17.9,30,89,1018.3,7
2015-06-17,"Sydney",9.4,18.3,28,89,1009,8
2015-06-18,"Sydney",1.4,17.4,43,83,1013.6,7
2015-06-19,"Sydney",62.8,14.1,56,86,1017.4,7
2015-06-20,"Sydney",2.8,14.8,50,66,1023.3,7
2015-06-21,"Sydney",0.6,13.9,33,85,1027.7,7
2015-06-22,"Sydney",6.6,19.3,24,35,1025.9,7
2015-06-23,"Sydney",0,20.6,28,43,1023,4
2015-06-24,"Sydney",0,21.9,22,51,1019.7,7
2015-06-25,"Sydney",0,18.3,50,79,1023.5,7
2015-06-26,"Sydney",5.8,17.9,37,50,1031,3
2015-06-27,"Sydney",0,19.7,26,50,1029.1,1
2015-06-28,"Sydney",0,17.6,22,68,1031,1
2015-06-29,"Sydney",0,19,19,55,1029.9,6
2015-06-30,"Sydney",0,20.3,20,42,1024.8,5
2015-07-01,"Sydney",2.6,17.9,39,56,1022.6,1
2015-07-02,"Sydney",0,17.2,69,37,1016.9,1
2015-07-03,"Sydney",0,14.1,46,56,1024.6,1
2015-07-04,"Sydney",0,16.4,41,44,1020.2,2
2015-07-05,"Sydney",0,18.5,28,28,1017.9,1
2015-07-06,"Sydney",0,17.4,44,32,1013.3,1
2015-07-07,"Sydney",0,14.2,46,82,1021.5,8
2015-07-08,"Sydney",3.8,14.6,37,66,1027.7,4
2015-07-09,"Sydney",0.2,17.4,20,48,1026.8,1
2015-07-10,"Sydney",0,15.9,31,65,1019,7
2015-07-11,"Sydney",0.2,20,65,44,1009.1,1
2015-07-12,"Sydney",7.6,15.4,59,31,1001.2,2
2015-07-13,"Sydney",3.8,17.7,70,40,1003,1
2015-07-14,"Sydney",0.6,18,50,29,1010.5,4
2015-07-15,"Sydney",0,16.1,22,44,1016,3
2015-07-16,"Sydney",0,13.4,41,70,1013.8,6
2015-07-17,"Sydney",15.6,13.8,67,56,1012.9,7
2015-07-18,"Sydney",9.2,13.3,57,78,1027.1,7
2015-07-19,"Sydney",1.2,14.5,41,68,1031.2,2
2015-07-20,"Sydney",0,15.6,33,78,1032.2,6
2015-07-21,"Sydney",1,20.1,37,46,1029.2,1
2015-07-22,"Sydney",0,18.5,35,47,1024.5,7
2015-07-23,"Sydney",2,16.2,28,75,1023.4,7
2015-07-24,"Sydney",0.6,20.8,30,45,1014.3,7
2015-07-25,"Sydney",0,21.6,33,28,1015.5,1
2015-07-26,"Sydney",0,21.6,61,25,1012.3,1
2015-07-27,"Sydney",0,16.1,52,29,1024.5,1
2015-07-28,"Sydney",0,17.3,44,51,1030.8,2
2015-07-29,"Sydney",0,17,28,52,1030.2,1
2015-07-30,"Sydney",0,20.7,37,25,1019.8,5
2015-07-31,"Sydney",0,21.5,33,28,1019.2,1
2015-08-01,"Sydney",0,23.3,57,20,1015.3,6
2015-08-02,"Sydney",0,25.2,50,24,1009.8,5
2015-08-03,"Sydney",0,19.9,56,30,1013.9,1
2015-08-04,"Sydney",0,15.7,35,38,1018.8,4
2015-08-05,"Sydney",0,15.9,50,36,1010.1,6
2015-08-06,"Sydney",0,15.4,44,51,1016.7,7
2015-08-07,"Sydney",0,18.1,35,59,1021,2
2015-08-08,"Sydney",0,15,44,59,1022.5,1
2015-08-09,"Sydney",0,17.8,26,54,1019.6,1
2015-08-10,"Sydney",0,21.3,33,30,1012.7,1
2015-08-11,"Sydney",0,21.8,37,25,1011,1
2015-08-12,"Sydney",0,19.1,80,30,1003.8,1
2015-08-13,"Sydney",0,19.7,57,24,1014.8,1
2015-08-14,"Sydney",0,19,46,44,1023.3,1
2015-08-15,"Sydney",0,16.8,37,72,1028.8,5
2015-08-16,"Sydney",0,20.8,33,54,1021.1,4
2015-08-17,"Sydney",0,21.2,50,29,1013.5,1
2015-08-18,"Sydney",0,14.9,39,51,1021.1,2
2015-08-19,"Sydney",0,17.6,28,55,1024.9,6
2015-08-20,"Sydney",0,20.9,31,53,1024.7,1
2015-08-21,"Sydney",0,23.9,37,51,1020.8,7
2015-08-22,"Sydney",0,28.9,44,23,1015.8,5
2015-08-23,"Sydney",3.4,19.7,28,62,1018.2,7
2015-08-24,"Sydney",4.8,17.6,50,94,1015.4,7
2015-08-25,"Sydney",46.6,21.1,59,55,1012.9,7
2015-08-26,"Sydney",5.2,18.8,33,78,1017.9,7
2015-08-27,"Sydney",0,22.7,52,38,1014.9,6
2015-08-28,"Sydney",0,18.9,52,57,1018.8,5
2015-08-29,"Sydney",0,20.9,35,27,1017.8,2
2015-08-30,"Sydney",0,16.1,48,54,1017.5,3
2015-08-31,"Sydney",0,16.6,39,53,1013.9,2
2015-09-01,"Sydney",0,17.4,39,42,1013.4,1
2015-09-02,"Sydney",0,20,43,39,1011.8,1
2015-09-03,"Sydney",2.2,20.8,57,30,1005.8,6
2015-09-04,"Sydney",9.6,17.2,52,65,1020.5,2
2015-09-05,"Sydney",0,19.4,35,63,1019.8,5
2015-09-06,"Sydney",2.6,17.4,30,75,1021.9,7
2015-09-07,"Sydney",3.4,24.9,56,28,1013.1,4
2015-09-08,"Sydney",0,20.1,52,33,1015.9,2
2015-09-09,"Sydney",0,17.7,39,52,1022,1
2015-09-10,"Sydney",0,18.9,43,50,1029.8,7
2015-09-11,"Sydney",0,22.9,44,40,1027.1,0
2015-09-12,"Sydney",0,26.1,31,38,1024.6,5
2015-09-13,"Sydney",0,24.4,33,54,1024.9,1
2015-09-14,"Sydney",0,23.9,54,52,1020.1,1
2015-09-15,"Sydney",0,30.5,67,21,1008.6,3
2015-09-16,"Sydney",0,20.2,35,66,1015.2,3
2015-09-17,"Sydney",0,18.3,54,64,1018.3,7
2015-09-18,"Sydney",2,17.9,56,60,1025.5,2
2015-09-19,"Sydney",16.2,20.8,39,56,1024,6
2015-09-20,"Sydney",0,18.4,30,75,1021.6,7
2015-09-21,"Sydney",0.6,24.5,43,54,1014.9,2
2015-09-22,"Sydney",0.2,17.6,74,59,1017.7,2
2015-09-23,"Sydney",0,14.3,78,76,1025.5,7
2015-09-24,"Sydney",5,14.5,76,74,1024.6,7
2015-09-25,"Sydney",20,17.3,67,61,1027.8,7
2015-09-26,"Sydney",1.2,19.4,50,60,1025.5,3
2015-09-27,"Sydney",4.2,18.2,54,60,1021.1,7
2015-09-28,"Sydney",0,20.3,26,48,1017.8,1
2015-09-29,"Sydney",0,25,37,45,1015.3,1
2015-09-30,"Sydney",0,21.6,43,60,1021.5,7
2015-10-01,"Sydney",0,24.8,41,57,1022.5,1
2015-10-02,"Sydney",0,23.5,46,52,1031.6,1
2015-10-03,"Sydney",0,31.3,33,33,1024.3,1
2015-10-04,"Sydney",0,34.9,46,10,1021.8,7
2015-10-05,"Sydney",0,37.5,30,9,1020.6,7
2015-10-06,"Sydney",0,36.4,52,21,1019.3,1
2015-10-07,"Sydney",0,20.3,78,68,1033.7,7
2015-10-08,"Sydney",0,21.5,48,58,1035.9,7
2015-10-09,"Sydney",0,24.7,41,44,1029.6,5
2015-10-10,"Sydney",0,26.2,28,46,1025.6,4
2015-10-11,"Sydney",0,26.1,41,56,1018.4,7
2015-10-12,"Sydney",2.2,29.7,59,63,1012.2,6
2015-10-13,"Sydney",3.4,21.7,52,86,1022.4,8
2015-10-14,"Sydney",2.6,25.4,43,52,1025.1,1
2015-10-15,"Sydney",0,26.2,54,52,1021.5,0
2015-10-16,"Sydney",0,32,48,43,1018.2,1
2015-10-17,"Sydney",0,24.5,44,63,1021.3,4
2015-10-18,"Sydney",1,22.6,37,61,1027.9,7
2015-10-19,"Sydney",1,27.1,46,53,1022.2,4
2015-10-20,"Sydney",0,30.7,46,45,1015.8,2
2015-10-21,"Sydney",4.8,29.1,39,60,1011.4,7
2015-10-22,"Sydney",3.6,20.3,74,84,1010.3,7
2015-10-23,"Sydney",6,19.4,54,59,1021.7,7
2015-10-24,"Sydney",0,24,44,47,1020.6,1
2015-10-25,"Sydney",0,25.8,52,57,1017.4,3
2015-10-26,"Sydney",0,26.4,85,58,1014.4,7
2015-10-27,"Sydney",3.8,18.4,70,56,1025.9,7
2015-10-28,"Sydney",1,21.8,33,44,1022.5,5
2015-10-29,"Sydney",0,23.3,39,35,1021.9,1
2015-10-30,"Sydney",0,24.8,44,41,1020.6,7
2015-10-31,"Sydney",0,25.9,54,55,1018.2,8
2015-11-01,"Sydney",0,28.7,56,54,1010.1,3
2015-11-02,"Sydney",9.8,31.6,52,46,1008.9,5
2015-11-03,"Sydney",0.2,19.6,44,87,1016.7,8
2015-11-04,"Sydney",3.8,19.6,63,89,1016.5,8
2015-11-05,"Sydney",10.6,23.6,63,74,1010.3,8
2015-11-06,"Sydney",9,30,44,67,1006.1,7
2015-11-07,"Sydney",4.8,24.1,54,76,1012.7,7
2015-11-08,"Sydney",0,20.2,52,69,1020.1,6
2015-11-09,"Sydney",0,23.3,33,47,1017.3,1
2015-11-10,"Sydney",0,27.3,39,35,1013.1,7
2015-11-11,"Sydney",0,24.4,46,60,1020.3,7
2015-11-13,"Sydney",2.8,28.4,44,48,1009.3,7
2015-11-14,"Sydney",18.8,20.8,46,73,1013.3,8
2015-11-15,"Sydney",17.2,19.7,54,69,1017.4,7
2015-11-16,"Sydney",6.2,22,41,40,1018.1,1
2015-11-17,"Sydney",0,26.2,50,37,1015.6,2
2015-11-18,"Sydney",0,37.1,57,14,1009.4,1
2015-11-19,"Sydney",0,35,35,42,1011.1,4
2015-11-20,"Sydney",0,42.8,69,7,1006.1,1
2015-11-21,"Sydney",0,22.1,61,59,1017.4,7
2015-11-22,"Sydney",0,23.2,37,52,1016.7,8
2015-11-23,"Sydney",0,23.8,50,74,1011.1,2
2015-11-24,"Sydney",0,26.7,57,50,1013.6,1
2015-11-25,"Sydney",0,33.8,63,43,1007.3,0
2015-11-26,"Sydney",0,39.2,72,9,1000.1,2
2015-11-27,"Sydney",0,24.4,39,53,1013.8,4
2015-11-28,"Sydney",0.2,24.6,43,48,1016,8
2015-11-29,"Sydney",0.8,27.8,54,58,1009.4,2
2015-11-30,"Sydney",0,28.5,57,58,1008.4,1
2015-12-01,"Sydney",0,37.9,65,28,1006.1,5
2015-12-02,"Sydney",0,20.4,67,72,1017.3,7
2015-12-03,"Sydney",0.2,23.4,31,47,1026.1,5
2015-12-04,"Sydney",0,24.2,33,43,1024.1,3
2015-12-05,"Sydney",0,27.5,44,44,1018.5,1
2015-12-06,"Sydney",0,27.8,41,43,1017.6,5
2015-12-07,"Sydney",0,26.7,37,54,1019.9,7
2015-12-08,"Sydney",0,26.4,50,63,1015.6,7
2015-12-09,"Sydney",1,33.3,54,48,1011.6,3
2015-12-10,"Sydney",3.6,26.5,54,60,1011.4,3
2015-12-11,"Sydney",0,37,69,11,1001.1,7
2015-12-12,"Sydney",0,23,41,50,1015.3,4
2015-12-13,"Sydney",0,26.4,52,50,1015.9,7
2015-12-14,"Sydney",0,29.2,33,50,1013.4,3
2015-12-15,"Sydney",0,28.6,50,56,1012.3,8
2015-12-16,"Sydney",1.2,24.6,102,72,1016.7,8
2015-12-17,"Sydney",5.6,27.6,43,51,1016.6,1
2015-12-18,"Sydney",0,29.9,56,42,1013.6,1
2015-12-19,"Sydney",0,33.4,61,37,1012.2,1
2015-12-20,"Sydney",0,32,76,45,1008,1
2015-12-21,"Sydney",0,27,54,92,1017.2,8
2015-12-22,"Sydney",22.8,21.7,46,93,1021.6,8
2015-12-23,"Sydney",29.2,23.8,35,56,1017.9,7
2015-12-24,"Sydney",0,25.4,39,55,1018.9,2
2015-12-25,"Sydney",0,26.6,41,40,1015.3,4
2015-12-26,"Sydney",1,28.1,54,80,1005.9,7
2015-12-27,"Sydney",2.2,20.6,74,62,1018.5,1
2015-12-28,"Sydney",0.4,21.4,52,59,1023.2,7
2015-12-29,"Sydney",0,23.8,37,40,1020.9,1
2015-12-30,"Sydney",0,24.9,30,45,1018.7,1
2015-12-31,"Sydney",0,28.7,44,43,1016.6,5
2016-01-01,"Sydney",0,26.5,41,48,1013.6,4
2016-01-02,"Sydney",0,25.3,31,57,1012.5,7
2016-01-03,"Sydney",0,24.3,56,75,1014.5,8
2016-01-04,"Sydney",3.6,25.4,48,94,1016.5,8
2016-01-05,"Sydney",51.2,21,54,91,1014.9,8
2016-01-06,"Sydney",35.6,19.2,63,93,1011.7,8
2016-01-07,"Sydney",36.4,22.3,65,78,1015.8,7
2016-01-08,"Sydney",0,25.8,31,47,1019,1
2016-01-09,"Sydney",0,26,35,49,1018.6,6
2016-01-10,"Sydney",0,28.8,50,49,1017.2,1
2016-01-11,"Sydney",0,34.6,43,44,1008.7,1
2016-01-12,"Sydney",0,33.6,70,84,1012.4,7
2016-01-13,"Sydney",0,31.1,46,58,1015.9,1
2016-01-14,"Sydney",0,40.6,120,34,1007.4,7
2016-01-15,"Sydney",27.4,20.4,69,74,1024.1,7
2016-01-16,"Sydney",7,22.9,52,49,1026.3,5
2016-01-17,"Sydney",0.4,25.1,37,48,1022.8,4
2016-01-18,"Sydney",0,27.6,39,50,1017.5,2
2016-01-19,"Sydney",0,33.3,44,39,1012.8,3
2016-01-20,"Sydney",0,40.3,56,27,1009.3,6
2016-01-21,"Sydney",0,37.8,65,32,1006.8,4
2016-01-22,"Sydney",22.8,26.9,43,81,1006.1,7
2016-01-23,"Sydney",22.6,24.7,52,73,1008.7,6
2016-01-24,"Sydney",1,25.3,37,66,1012.1,7
2016-01-25,"Sydney",0,25,35,67,1013.3,8
2016-01-26,"Sydney",17.6,27.5,37,56,1017.2,4
2016-01-27,"Sydney",3.6,26.4,48,63,1013.9,8
2016-01-28,"Sydney",3.6,29.4,41,60,1004.4,7
2016-01-29,"Sydney",0,29.9,50,91,1001.7,7
2016-01-30,"Sydney",6.2,26.3,67,86,1003,7
2016-01-31,"Sydney",23.8,31.8,43,22,1003.4,5
2016-02-01,"Sydney",0,24.8,48,54,1001.1,4
2016-02-02,"Sydney",2.2,26.1,35,53,1004.1,3
2016-02-03,"Sydney",0,31,50,43,1001.9,4
2016-02-04,"Sydney",8.2,23.7,74,60,1012.7,7
2016-02-05,"Sydney",1.6,23.9,61,64,1017.8,5
2016-02-06,"Sydney",0.8,26.7,46,50,1017,3
2016-02-07,"Sydney",0.4,26.5,41,59,1016.6,3
2016-02-08,"Sydney",0,27.1,30,60,1018,1
2016-02-09,"Sydney",0.4,26.7,52,57,1019.7,1
2016-02-10,"Sydney",0,30,48,42,1012.6,1
2016-02-11,"Sydney",0,27.9,35,56,1014.1,7
2016-02-12,"Sydney",0,29.2,41,55,1014.8,1
2016-02-13,"Sydney",0,30.6,52,49,1011,1
2016-02-14,"Sydney",0,36.9,52,82,1005.8,5
2016-02-15,"Sydney",0,27.3,35,67,1007.7,3
2016-02-16,"Sydney",0,26.5,48,55,1008.9,2
2016-02-17,"Sydney",0,24,52,49,1008.7,1
2016-02-18,"Sydney",0,26.7,33,49,1008.7,1
2016-02-19,"Sydney",0,31.9,43,54,1009.5,1
2016-02-20,"Sydney",0,27.9,59,77,1018.3,5
2016-02-21,"Sydney",26.8,26.7,46,78,1024.6,4
2016-02-22,"Sydney",0,31.1,41,56,1021.7,6
2016-02-23,"Sydney",0,31.1,48,46,1017.3,1
2016-02-24,"Sydney",0,32,57,47,1012.7,1
2016-02-25,"Sydney",0,37.8,48,36,1008.8,0
2016-02-26,"Sydney",0,27.5,78,71,1015.5,7
2016-02-27,"Sydney",0,28.5,35,49,1019,5
2016-02-28,"Sydney",0,27.9,33,48,1017.1,1
2016-02-29,"Sydney",0,24.9,39,78,1020.7,5
2016-03-01,"Sydney",0,30.2,39,38,1019.6,1
2016-03-02,"Sydney",0,30.6,54,49,1018.6,7
2016-03-03,"Sydney",0,31,57,51,1019.2,4
2016-03-04,"Sydney",0,30.4,48,49,1020,2
2016-03-05,"Sydney",0,30,48,43,1019.1,1
2016-03-06,"Sydney",0,29.9,54,50,1021,1
2016-03-07,"Sydney",0,30.4,50,53,1018.6,1
2016-03-08,"Sydney",0,29.8,41,52,1022.4,3
2016-03-09,"Sydney",0,31.7,56,53,1017.6,4
2016-03-10,"Sydney",0,25.3,46,84,1019,7
2016-03-11,"Sydney",0,29.5,41,59,1017.9,7
2016-03-12,"Sydney",0,30.9,52,53,1017.6,2
2016-03-13,"Sydney",0,29.6,39,50,1017.7,7
2016-03-14,"Sydney",0,29.9,48,86,1014.6,6
2016-03-15,"Sydney",29.8,23.9,54,71,1018.5,6
2016-03-16,"Sydney",14.2,24,50,72,1018.1,4
2016-03-17,"Sydney",9.8,27,33,60,1012.7,4
2016-03-18,"Sydney",0,29.1,54,63,996.8,7
2016-03-19,"Sydney",1,21.6,48,47,1011.4,1
2016-03-20,"Sydney",0,21,52,93,1016.8,8
2016-03-21,"Sydney",42.4,20.3,52,80,1016.5,7
2016-03-22,"Sydney",20.8,21.3,57,66,1015.6,7
2016-03-23,"Sydney",2,25,30,49,1016.8,3
2016-03-24,"Sydney",0,29.4,35,28,1018.7,3
2016-03-25,"Sydney",0,25.4,44,57,1016.1,7
2016-03-26,"Sydney",0,26.3,31,56,1015.9,2
2016-03-27,"Sydney",0,25.5,37,58,1017,6
2016-03-28,"Sydney",29.2,24.4,43,73,1015.6,6
2016-03-29,"Sydney",0,22,50,94,1016,8
2016-03-30,"Sydney",6.6,27.8,41,37,1011.9,6
2016-03-31,"Sydney",0,23,56,60,1016.3,2
2016-04-01,"Sydney",0,27.1,43,48,1014.9,1
2016-04-02,"Sydney",0,30.4,43,18,1014.6,3
2016-04-03,"Sydney",0.4,24.3,43,65,1022.1,2
2016-04-04,"Sydney",19,24.3,41,79,1019.6,7
2016-04-05,"Sydney",2.2,27.3,63,55,1014.8,3
2016-04-06,"Sydney",0,34.7,52,43,1011,1
2016-04-07,"Sydney",0,20.5,54,57,1022.3,7
2016-04-08,"Sydney",0,21.7,24,71,1021.3,8
2016-04-09,"Sydney",0.2,23.2,30,58,1018.8,7
2016-04-10,"Sydney",0,28,31,44,1015.2,3
2016-04-11,"Sydney",0,24.1,41,54,1016.5,6
2016-04-12,"Sydney",7.6,21.5,41,71,1021.8,5
2016-04-13,"Sydney",0.8,23.5,35,62,1026.3,2
2016-04-14,"Sydney",0.2,24.2,41,58,1027.4,7
2016-04-15,"Sydney",0.2,26.3,39,48,1021.5,5
2016-04-16,"Sydney",0,27.1,37,42,1017.7,7
2016-04-17,"Sydney",0.4,21.7,52,74,1020.5,7
2016-04-18,"Sydney",2.4,22.1,43,84,1019.2,7
2016-04-19,"Sydney",36.2,22.8,35,75,1020.2,7
2016-04-20,"Sydney",0,25,26,67,1021.9,2
2016-04-21,"Sydney",0,27,31,65,1018.7,5
2016-04-22,"Sydney",0,23.4,50,80,1019.1,7
2016-04-23,"Sydney",4,21,67,87,1024.4,6
2016-04-24,"Sydney",7.4,22,46,50,1029.3,3
2016-04-25,"Sydney",0,21.9,24,54,1029.4,1
2016-04-26,"Sydney",0,23.2,31,59,1027.5,3
2016-04-27,"Sydney",0,25.3,41,54,1023.5,2
2016-04-28,"Sydney",0,27.2,28,46,1021.2,1
2016-04-29,"Sydney",0,26.5,30,61,1018.3,8
2016-04-30,"Sydney",0,26.9,37,52,1015.5,6
2016-05-01,"Sydney",2.2,28.1,56,48,1008.9,5
2016-05-02,"Sydney",0,23.8,31,59,1012.1,7
2016-05-03,"Sydney",0,26.9,41,19,1006.1,0
2016-05-05,"Sydney",0,24.5,33,47,1016.7,1
2016-05-06,"Sydney",0,25.1,26,40,1017.1,1
2016-05-07,"Sydney",0,24.5,26,62,1018.3,6
2016-05-08,"Sydney",0,21.8,22,71,1013.7,7
2016-05-09,"Sydney",1.8,23.4,44,72,1003.2,7
2016-05-10,"Sydney",0.4,25.2,70,33,1004.1,1
2016-05-11,"Sydney",0,23.7,50,28,1012.2,6
2016-05-12,"Sydney",0,25,46,32,1013.8,6
2016-05-13,"Sydney",0,26.1,39,40,1019.4,1
2016-05-14,"Sydney",0,26.4,31,25,1019.6,0
2016-05-15,"Sydney",0,26,33,30,1013.3,5
2016-05-16,"Sydney",0,24.5,37,56,1017.3,1
2016-05-17,"Sydney",0,28.9,35,20,1014.1,1
2016-05-18,"Sydney",0,22.4,50,30,1015,7
2016-05-19,"Sydney",0,23.8,48,27,1013.1,1
2016-05-20,"Sydney",0,22.6,39,57,1019.3,1
2016-05-21,"Sydney",0,21.2,20,58,1023.9,7
2016-05-22,"Sydney",0,23.7,28,61,1020.1,4
2016-05-23,"Sydney",0,28.3,65,27,1012.6,1
2016-05-24,"Sydney",0,22.3,63,21,1013.6,2
2016-05-25,"Sydney",0,21.7,35,22,1013.3,7
2016-05-26,"Sydney",0.6,21.8,48,41,1000.1,2
2016-05-27,"Sydney",0,18.6,70,27,1001.9,1
2016-05-28,"Sydney",0,15.2,35,76,1006.2,6
2016-05-29,"Sydney",4.6,18.9,44,30,1016.5,1
2016-05-30,"Sydney",0,18,39,46,1024.2,1
2016-05-31,"Sydney",3.8,16.5,39,86,1027.4,7
2016-06-01,"Sydney",6.2,16.8,39,87,1026.4,7
2016-06-02,"Sydney",0,18,39,70,1024.4,7
2016-06-03,"Sydney",0,18.8,46,81,1021.6,7
2016-06-04,"Sydney",72,21.7,98,84,1009.3,8
2016-06-05,"Sydney",95.6,20.2,83,88,996.3,8
2016-06-06,"Sydney",67.8,18.2,56,43,998.4,7
2016-06-07,"Sydney",0.2,19.4,37,61,1002.9,7
2016-06-08,"Sydney",0,21.7,43,36,1009.1,1
2016-06-09,"Sydney",0.2,23.1,57,26,1005.7,1
2016-06-10,"Sydney",0.2,22.4,39,39,1016.7,1
2016-06-11,"Sydney",0,20.3,54,36,1020.8,5
2016-06-12,"Sydney",0,18.2,39,49,1035,1
2016-06-13,"Sydney",0,19.6,28,45,1035.4,1
2016-06-14,"Sydney",0,22.2,31,36,1031.4,4
2016-06-15,"Sydney",0,20.6,22,42,1029.7,3
2016-06-16,"Sydney",0,22.5,28,39,1019.1,1
2016-06-17,"Sydney",0,20.5,37,55,1014.1,7
2016-06-18,"Sydney",3.8,20.8,39,78,1015.5,6
2016-06-19,"Sydney",0.2,20.4,70,90,1010.5,8
2016-06-20,"Sydney",30.8,20.9,54,42,993.9,6
2016-06-21,"Sydney",0.2,19.3,57,32,1001.9,4
2016-06-22,"Sydney",0,20.9,59,31,1005,1
2016-06-23,"Sydney",0,19.5,35,36,1007.1,4
2016-06-24,"Sydney",0,17.6,76,26,1003.4,3
2016-06-25,"Sydney",0,13.6,50,38,1018.1,1
2016-06-26,"Sydney",0,16.1,41,37,1016.9,7
2016-06-27,"Sydney",0,11.6,48,76,1013.6,8
2016-06-28,"Sydney",2.2,15.4,56,54,1023.1,1
2016-06-29,"Sydney",0,18.1,35,41,1025.3,1
2016-06-30,"Sydney",0,17.8,41,26,1014.9,7
2016-07-01,"Sydney",0,16.4,56,39,1016.2,1
2016-07-02,"Sydney",0,18.3,41,35,1023,1
2016-07-03,"Sydney",0,18,30,35,1022.5,0
2016-07-04,"Sydney",0,15.8,26,47,1016.1,7
2016-07-05,"Sydney",4.2,19.1,43,51,1005.8,2
2016-07-06,"Sydney",0.2,18.4,69,46,1003,6
2016-07-07,"Sydney",35.2,17.2,69,93,1016.2,7
2016-07-08,"Sydney",21.6,17.6,37,96,1018.4,8
2016-07-09,"Sydney",21.8,16.7,35,74,1022.2,5
2016-07-10,"Sydney",2,19,30,53,1021,3
2016-07-11,"Sydney",0,19.6,65,44,1009.7,7
2016-07-12,"Sydney",0,21.4,65,12,1006.8,7
2016-07-13,"Sydney",0,14.5,85,23,1020.1,7
2016-07-14,"Sydney",0,17.3,43,25,1025.8,2
2016-07-15,"Sydney",0,17.1,31,41,1027.4,2
2016-07-16,"Sydney",0,17.4,30,78,1030.2,7
2016-07-17,"Sydney",0,20.1,24,66,1026.9,7
2016-07-18,"Sydney",0,25.3,37,39,1019.4,0
2016-07-19,"Sydney",0,25.7,26,46,1018.7,5
2016-07-20,"Sydney",11.2,16.8,54,94,1018.2,8
2016-07-21,"Sydney",13.2,19.8,39,91,1016,5
2016-07-22,"Sydney",0.8,27,59,42,1000.5,4
2016-07-23,"Sydney",4,18.7,70,26,1004.1,1
2016-07-24,"Sydney",0,15.3,41,29,1012,2
2016-07-25,"Sydney",0,18.8,52,25,1011.5,1
2016-07-26,"Sydney",0,18.7,46,43,1012.9,1
2016-07-27,"Sydney",0,19.6,61,33,1013.4,3
2016-07-28,"Sydney",0,20.4,50,30,1020.3,0
2016-07-29,"Sydney",0,19.7,52,28,1017.8,2
2016-07-30,"Sydney",0,18.4,35,57,1020.2,3
2016-07-31,"Sydney",0,21,28,34,1015,2
2016-08-01,"Sydney",0,18.6,22,55,1012.9,8
2016-08-02,"Sydney",1,15.2,57,86,1013.9,8
2016-08-03,"Sydney",16,15,74,86,1017.8,8
2016-08-04,"Sydney",42,17.2,70,61,1025.3,7
2016-08-05,"Sydney",7,14.5,46,79,1028.2,6
2016-08-06,"Sydney",3.6,15.4,37,68,1026.7,7
2016-08-07,"Sydney",0,16.7,33,62,1024.6,6
2016-08-08,"Sydney",0,18.1,24,55,1022.8,1
2016-08-09,"Sydney",0,19.9,31,52,1017.8,7
2016-08-10,"Sydney",0,26.7,43,28,1011.2,3
2016-08-11,"Sydney",0,20.3,56,31,1017.1,1
2016-08-12,"Sydney",0,19.8,39,24,1019.7,7
2016-08-13,"Sydney",0,20.6,50,29,1020,2
2016-08-14,"Sydney",0,18.4,43,57,1027.2,1
2016-08-15,"Sydney",0,21.4,31,46,1029.5,1
2016-08-16,"Sydney",0,21.7,31,51,1025.4,0
2016-08-17,"Sydney",0,24.1,30,40,1021.9,6
2016-08-18,"Sydney",0,23.7,37,30,1020.3,1
2016-08-21,"Sydney",0,20.7,41,29,1016.3,1
2016-08-22,"Sydney",0,15.6,52,72,1015.2,7
2016-08-23,"Sydney",2.4,16.1,48,66,1013.4,7
2016-08-24,"Sydney",3.6,14.5,61,96,1007.8,8
2016-08-25,"Sydney",53,17.1,48,51,1010.5,3
2016-08-26,"Sydney",0,15.4,50,57,1017.5,7
2016-08-27,"Sydney",2.4,20.4,37,29,1020,1
2016-08-28,"Sydney",0,19.3,33,45,1020.9,2
2016-08-29,"Sydney",0,20.5,24,33,1024.9,7
2016-08-30,"Sydney",0,21.5,39,54,1022.8,6
2016-08-31,"Sydney",0,24.8,59,50,1013.5,7
2016-09-01,"Sydney",0,23.2,37,46,1015.1,3
2016-09-02,"Sydney",11.6,19.1,37,97,1006.1,8
2016-09-03,"Sydney",26,20.9,76,36,1004.6,5
2016-09-04,"Sydney",0,19.3,37,32,1022,1
2016-09-05,"Sydney",0,21.3,33,44,1027,0
2016-09-06,"Sydney",0,22.7,31,50,1026.1,0
2016-09-07,"Sydney",0,21.7,33,52,1029.2,3
2016-09-08,"Sydney",0,23,54,59,1024.6,5
2016-09-09,"Sydney",0,24.8,59,57,1015.6,4
2016-09-10,"Sydney",1.6,23.4,69,28,1011,7
2016-09-11,"Sydney",0,19.5,28,55,1017.1,6
2016-09-12,"Sydney",0,21.4,30,52,1018.4,3
2016-09-13,"Sydney",0,19.4,39,78,1017.9,7
2016-09-14,"Sydney",2.4,24.9,44,47,1007.9,7
2016-09-15,"Sydney",0,22.8,69,27,1007.6,7
2016-09-16,"Sydney",0.2,22.7,50,31,1015.7,3
2016-09-17,"Sydney",0,22.6,37,37,1017.5,7
2016-09-18,"Sydney",0,18.1,28,87,1005.8,8
2016-09-19,"Sydney",11,21.7,61,32,1008.7,1
2016-09-20,"Sydney",0,21.5,31,38,1015.8,7
2016-09-21,"Sydney",0,22.3,35,73,1007.3,8
2016-09-22,"Sydney",1,19.7,52,64,1006,7
2016-09-23,"Sydney",1.4,19.3,67,60,1010.7,2
2016-09-24,"Sydney",0,22.2,28,61,1007.7,1
2016-09-25,"Sydney",4.2,20.8,41,69,1006.2,7
2016-09-26,"Sydney",5.6,19.2,43,48,1009,1
2016-09-27,"Sydney",0,23.3,65,24,1007,2
2016-09-28,"Sydney",0,20.1,41,39,1011.2,1
2016-09-29,"Sydney",2.2,23.5,57,49,993.6,2
2016-09-30,"Sydney",0.6,20.2,63,36,997.8,3
2016-10-01,"Sydney",0,22.5,76,31,1005.6,3
2016-10-02,"Sydney",0,26.6,43,33,1007.9,0
2016-10-03,"Sydney",0,27,80,8,997.9,7
2016-10-04,"Sydney",0,24.5,81,22,1003.6,1
2016-10-05,"Sydney",0,24.2,70,12,1013.4,1
2016-10-06,"Sydney",0,28.9,54,15,1016.6,8
2016-10-07,"Sydney",0,31.4,48,16,1015.4,5
2016-10-08,"Sydney",0,19.6,65,62,1017.8,5
2016-10-09,"Sydney",0,27.3,63,36,1017.9,7
2016-10-10,"Sydney",0,34.3,76,24,1004.5,7
2016-10-11,"Sydney",3.6,19,59,26,1013.1,3
2016-10-12,"Sydney",0,23.3,39,32,1012.4,5
2016-10-13,"Sydney",6,17.2,65,80,1022.4,7
2016-10-14,"Sydney",0.2,20.3,35,34,1023.1,1
2016-10-15,"Sydney",0,26.3,56,29,1017.3,0
2016-10-16,"Sydney",0,28.9,63,34,1008.2,1
2016-10-17,"Sydney",0,19.3,50,77,1008.5,7
2016-10-18,"Sydney",3,26.6,56,20,1010.7,3
2016-10-19,"Sydney",0,23.4,46,30,1017.1,2
2016-10-20,"Sydney",0,23.2,57,46,1021.3,5
2016-10-21,"Sydney",0,27.1,56,55,1012.4,7
2016-10-22,"Sydney",14,17.6,52,80,1010.2,7
2016-10-23,"Sydney",1.4,16.9,67,54,1017.7,2
2016-10-24,"Sydney",0.6,18.7,37,45,1016.6,1
2016-10-25,"Sydney",0,25.4,41,40,1014.1,1
2016-10-26,"Sydney",0,28.3,39,22,1012.7,7
2016-10-27,"Sydney",0,22.2,52,67,1015.8,7
2016-10-28,"Sydney",0.6,20.1,35,58,1018.5,8
2016-10-29,"Sydney",4.2,25.5,48,62,1017.4,5
2016-10-30,"Sydney",0,26.8,52,57,1006,8
2016-10-31,"Sydney",0.6,21.5,56,25,1010.9,1
2016-11-01,"Sydney",0,23.4,39,33,1010,1
2016-11-02,"Sydney",0,23.5,43,27,1012.9,1
2016-11-03,"Sydney",0,27.3,43,38,1014.3,1
2016-11-04,"Sydney",0,32.6,41,10,1008.7,1
2016-11-05,"Sydney",0,25.6,76,12,1006.2,1
2016-11-06,"Sydney",0,23.8,48,28,1007.9,7
2016-11-07,"Sydney",0,30.8,57,25,1005.8,1
2016-11-08,"Sydney",0,22.4,61,84,1007.5,7
2016-11-09,"Sydney",2.8,20.5,46,82,1010.1,7
2016-11-10,"Sydney",7,25,31,60,1007,2
2016-11-11,"Sydney",0,24.1,39,56,1009.9,1
2016-11-12,"Sydney",11.8,34.7,70,53,996.7,3
2016-11-13,"Sydney",0,30.8,81,16,995.6,1
2016-11-14,"Sydney",0,22.8,63,63,1004.5,7
2016-11-15,"Sydney",0.6,21.5,46,46,1015.1,3
2016-11-16,"Sydney",0,23.8,35,56,1021.4,3
2016-11-17,"Sydney",0,25.3,44,49,1021.8,1
2016-11-18,"Sydney",0,35.1,35,28,1013.1,2
2016-11-19,"Sydney",0,22.9,57,61,1018.5,7
2016-11-20,"Sydney",0,26.7,39,50,1018,7
2016-11-21,"Sydney",0,30.8,54,55,1014.9,5
2016-11-22,"Sydney",0,33.1,57,39,1011.4,3
2016-11-23,"Sydney",0.8,29.2,52,86,1008.6,8
2016-11-24,"Sydney",3.8,22.2,61,39,1012,1
2016-11-25,"Sydney",0,23.7,37,57,1012.6,2
2016-11-26,"Sydney",0,26.3,50,51,1013.4,1
2016-11-27,"Sydney",0,24.4,37,63,1016.9,7
2016-11-28,"Sydney",0,28.8,46,56,1010.2,1
2016-11-29,"Sydney",0,23.8,48,73,1010.9,6
2016-11-30,"Sydney",0,26.2,50,48,1009.1,2
2016-12-01,"Sydney",0,30.9,46,46,1005.2,7
2016-12-02,"Sydney",0.2,35.7,67,16,1007.4,5
2016-12-03,"Sydney",0,25.9,43,51,1014.9,5
2016-12-04,"Sydney",0,28.1,46,57,1013,7
2016-12-05,"Sydney",1.4,32.4,70,57,1005.5,7
2016-12-06,"Sydney",10,24.8,39,84,1010.5,8
2016-12-07,"Sydney",5.2,24.9,37,57,1014.4,4
2016-12-08,"Sydney",0,29.6,70,54,999.1,2
2016-12-09,"Sydney",0,26.8,72,47,1010,1
2016-12-10,"Sydney",0,24,44,52,1020.8,2
2016-12-11,"Sydney",0,27.1,48,52,1020.3,1
2016-12-12,"Sydney",0,29,57,48,1017.9,1
2016-12-13,"Sydney",0,39.2,56,27,1010.4,5
2016-12-14,"Sydney",0,37.5,59,17,1007.4,7
2016-12-15,"Sydney",4.2,18.9,44,79,1017.5,8
2016-12-16,"Sydney",25,26,30,94,1009.4,8
2016-12-17,"Sydney",11.4,34.5,76,25,1005,4
2016-12-18,"Sydney",0.2,21.9,61,53,1020.1,8
2016-12-19,"Sydney",0.2,24.9,52,42,1017.4,3
2016-12-20,"Sydney",0,29.6,63,46,1005,3
2016-12-21,"Sydney",0,25.4,56,56,1012.3,2
2016-12-22,"Sydney",0,25,39,53,1018,5
2016-12-23,"Sydney",0,26.4,54,51,1016.5,2
2016-12-24,"Sydney",0,28.1,41,59,1013.8,7
2016-12-25,"Sydney",0.4,29.4,59,50,1015.4,3
2016-12-26,"Sydney",0,30.9,63,46,1011,1
2016-12-27,"Sydney",0,26.8,46,75,1013.4,7
2016-12-28,"Sydney",0,30.5,65,46,1009.3,6
2016-12-29,"Sydney",0,38.2,33,23,1003.9,6
2016-12-30,"Sydney",0,35.6,43,38,1001.3,7
2016-12-31,"Sydney",0.2,26.3,39,75,1003.8,7
2017-01-01,"Sydney",0,27.2,31,72,1005.5,8
2017-01-02,"Sydney",1,24.9,67,74,1012,5
2017-01-03,"Sydney",2.2,24.1,54,83,1018.5,7
2017-01-04,"Sydney",1.4,26,33,43,1020.2,7
2017-01-05,"Sydney",5.2,25.5,35,69,1017.3,7
2017-01-06,"Sydney",8.2,27.1,39,48,1017.6,6
2017-01-07,"Sydney",14.4,27.9,54,54,1014.8,3
2017-01-08,"Sydney",0,29.9,59,47,1009.7,6
2017-01-09,"Sydney",0,29.9,39,50,1009.1,2
2017-01-10,"Sydney",1.2,35.3,33,37,1007.8,4
2017-01-11,"Sydney",0,38.8,70,42,1003,7
2017-01-12,"Sydney",0,29,37,52,1010.7,2
2017-01-13,"Sydney",0,32.8,74,49,1000.7,1
2017-01-14,"Sydney",0,30,35,60,1003.4,1
2017-01-15,"Sydney",0,27.3,39,61,1015.9,7
2017-01-16,"Sydney",0,30,61,47,1013.8,0
2017-01-17,"Sydney",0,37.7,57,38,1007.6,2
2017-01-18,"Sydney",0,37.7,61,74,1006.7,2
2017-01-19,"Sydney",0,25,39,51,1013.7,8
2017-01-20,"Sydney",0,31.4,76,66,993.9,7
2017-01-21,"Sydney",10.2,25.3,61,53,1012.3,1
2017-01-22,"Sydney",0,27.2,44,47,1015.6,4
2017-01-23,"Sydney",0,35.2,72,47,1009.7,1
2017-01-24,"Sydney",0,38.5,70,34,1008.1,7
2017-01-25,"Sydney",4.2,24.1,41,65,1018.1,8
2017-01-26,"Sydney",0,23.5,48,78,1015.1,6
2017-01-27,"Sydney",0.4,26.6,39,60,1016.9,4
2017-01-28,"Sydney",0,31.9,56,50,1011.6,1
2017-01-29,"Sydney",0,28.7,50,83,1015.6,6
2017-01-30,"Sydney",0,36.4,76,53,1007.3,3
2017-01-31,"Sydney",0,39.6,72,84,1010,7
2017-02-01,"Sydney",1.6,23.8,39,87,1012.7,8
2017-02-02,"Sydney",0.2,25.2,56,70,1014,7
2017-02-03,"Sydney",0,28.4,35,57,1013.4,8
2017-02-04,"Sydney",0,32.3,43,61,1010.3,5
2017-02-05,"Sydney",0,38.6,48,34,1006.9,7
2017-02-06,"Sydney",0,28.9,61,82,1009.7,1
2017-02-07,"Sydney",0.2,25.7,59,90,1018.8,7
2017-02-08,"Sydney",51.4,28,52,72,1021.7,7
2017-02-09,"Sydney",4.8,32.2,59,52,1012.6,1
2017-02-10,"Sydney",0,42.9,56,28,1005.6,2
2017-02-11,"Sydney",0,39,74,45,1002.4,3
2017-02-12,"Sydney",0,28.4,76,82,998.1,7
2017-02-13,"Sydney",1.4,25.9,39,39,1007.6,1
2017-02-14,"Sydney",0.8,22.8,50,81,1015.9,6
2017-02-15,"Sydney",40.6,27.7,46,53,1013.4,2
2017-02-16,"Sydney",0,33.1,57,43,1008.6,1
2017-02-17,"Sydney",0,32.6,67,51,1005.3,7
2017-02-18,"Sydney",2.2,28.4,52,65,1004.8,2
2017-02-19,"Sydney",0.4,26,56,56,1006,2
2017-02-20,"Sydney",7.2,29.3,61,16,1009.7,0
2017-02-21,"Sydney",0,27,41,46,1018.5,2
2017-02-22,"Sydney",0,30.1,57,47,1018.2,1
2017-02-23,"Sydney",0,30.1,56,52,1016.9,1
2017-02-24,"Sydney",0,26,48,77,1018.7,7
2017-02-25,"Sydney",1.8,22.1,57,91,1020.2,8
2017-02-26,"Sydney",31,23.8,50,67,1021.7,3
2017-02-27,"Sydney",13.4,26.6,44,61,1023,3
2017-02-28,"Sydney",1,27.7,48,62,1021.4,6
2017-03-01,"Sydney",17.6,24.9,35,93,1019.6,7
2017-03-02,"Sydney",18.2,26.2,31,76,1016.1,5
2017-03-03,"Sydney",13.8,25.1,50,87,1016.1,8
2017-03-04,"Sydney",16.2,24.2,56,95,1013,7
2017-03-05,"Sydney",7.2,23.1,59,77,1009.5,7
2017-03-06,"Sydney",1.2,23.6,69,67,1013.4,3
2017-03-07,"Sydney",1.4,22.2,65,83,1017.8,7
2017-03-08,"Sydney",6.8,23.9,48,62,1017.5,8
2017-03-09,"Sydney",0.4,23.9,46,68,1016.1,7
2017-03-10,"Sydney",0.2,23.5,48,68,1013.9,3
2017-03-11,"Sydney",0,24.7,35,57,1012.4,2
2017-03-12,"Sydney",0,28.8,57,49,1007.4,1
2017-03-13,"Sydney",0,28.4,59,71,1012.3,6
2017-03-14,"Sydney",0.4,27.1,46,87,1020.1,8
2017-03-16,"Sydney",33.2,27.3,52,88,1008.8,7
2017-03-17,"Sydney",14.4,23.2,76,97,1020.5,8
2017-03-18,"Sydney",25.6,25.2,76,87,1022.5,7
2017-03-20,"Sydney",8.4,29.2,52,73,1015.3,7
2017-03-21,"Sydney",0,29.2,31,73,1012.4,6
2017-03-22,"Sydney",29.8,31.9,57,61,1010.6,6
2017-03-24,"Sydney",13.2,23.2,52,80,1019.1,7
2017-03-25,"Sydney",1.4,26.5,33,60,1014,7
2017-03-26,"Sydney",0,27.8,33,67,1014.5,2
2017-03-27,"Sydney",0,28.7,50,66,1012,1
2017-03-28,"Sydney",0,24.3,67,84,1012.5,8
2017-03-29,"Sydney",0,30.7,41,71,1007.1,1
2017-03-30,"Sydney",0,28.5,72,99,1007.7,8
2017-03-31,"Sydney",22.8,20.8,59,69,1015.6,2
2017-04-01,"Sydney",0,24.8,43,59,1016.6,2
2017-04-02,"Sydney",0.6,21,57,78,1024.7,6
2017-04-03,"Sydney",32.4,21.9,56,60,1026.4,7
2017-04-04,"Sydney",7.2,22.5,52,73,1026.4,6
2017-04-05,"Sydney",4.6,23.1,39,53,1023.4,3
2017-04-06,"Sydney",0,23.5,30,50,1023.9,3
2017-04-07,"Sydney",0,24.2,30,49,1025.7,2
2017-04-08,"Sydney",0,26,39,48,1021.1,4
2017-04-09,"Sydney",0,29.4,91,41,1006.7,4
2017-04-10,"Sydney",8,19.4,57,56,1008.6,7
2017-04-11,"Sydney",0,21.9,61,64,1017.3,7
2017-04-12,"Sydney",3.6,20.7,56,80,1022.1,7
2017-04-13,"Sydney",28.2,21.2,48,61,1021,3
2017-04-14,"Sydney",0,23,26,56,1019.3,1
2017-04-15,"Sydney",0,22.9,28,64,1018.6,4
2017-04-16,"Sydney",1,26.7,37,52,1017.6,5
2017-04-17,"Sydney",0,23.7,26,68,1022.1,2
2017-04-18,"Sydney",0,24.5,26,61,1025.3,1
2017-04-19,"Sydney",0,23.4,39,71,1028.1,6
2017-04-20,"Sydney",8.2,25.1,37,54,1027.4,2
2017-04-21,"Sydney",0,25.7,31,63,1024.6,6
2017-04-22,"Sydney",0,25.9,24,63,1022,5
2017-04-23,"Sydney",0,25.4,26,72,1020.9,2
2017-04-24,"Sydney",0,25.2,30,65,1018.2,3
2017-04-25,"Sydney",0,28.4,46,67,1008.2,7
2017-04-26,"Sydney",0.4,25.5,81,54,1004.1,7
2017-04-27,"Sydney",0.2,17.9,52,64,1015.2,4
2017-04-28,"Sydney",0,19.2,52,56,1020.4,5
2017-04-29,"Sydney",0,21,26,63,1018.5,3
2017-04-30,"Sydney",0,20.8,37,65,1020.9,4
2017-05-01,"Sydney",0,26.4,35,43,1014.6,5
2017-05-02,"Sydney",0,24.6,48,47,1016,6
2017-05-03,"Sydney",0.4,18.6,52,89,1027.6,8
2017-05-04,"Sydney",16.4,20.1,24,52,1029.3,7
2017-05-05,"Sydney",0.4,23.3,30,58,1027.6,1
2017-05-06,"Sydney",0,26.1,30,43,1021,6
2017-05-07,"Sydney",0,21,54,47,1023.4,1
2017-05-08,"Sydney",0,17.9,41,56,1025.2,1
2017-05-09,"Sydney",0,18.8,41,61,1024.1,1
2017-05-10,"Sydney",0,19.5,33,66,1022,1
2017-05-11,"Sydney",0,19.7,30,71,1023.1,7
2017-05-12,"Sydney",0,19.6,37,73,1024.4,7
2017-05-13,"Sydney",1.2,22.7,31,67,1021.6,7
2017-05-14,"Sydney",0.2,19.9,37,78,1019.2,7
2017-05-15,"Sydney",0,19.1,50,64,1014,1
2017-05-16,"Sydney",0.2,20.2,35,58,1016.6,1
2017-05-17,"Sydney",0.2,21.5,26,57,1021.2,2
2017-05-18,"Sydney",0,21.8,35,66,1024.7,4
2017-05-19,"Sydney",0,21.8,41,76,1020.8,7
2017-05-20,"Sydney",10.8,23.6,30,70,1015.4,3
2017-05-21,"Sydney",0.6,21,26,76,1019.3,1
2017-05-22,"Sydney",0,21,20,67,1021.8,4
2017-05-23,"Sydney",0,24.3,26,67,1017,2
2017-05-24,"Sydney",1,23.7,52,36,1012.8,1
2017-05-25,"Sydney",0.2,20.7,39,50,1018.8,0
2017-05-26,"Sydney",0,19,35,73,1019.8,3
2017-05-27,"Sydney",0,20.9,28,71,1017.4,3
2017-05-28,"Sydney",0,24.6,50,39,1008.8,6
2017-05-29,"Sydney",0,18.2,48,38,1018.6,1
2017-05-30,"Sydney",0,19,39,38,1020.1,6
2017-05-31,"Sydney",0.2,15.2,59,61,1026,4
2017-06-01,"Sydney",0,16.1,46,57,1031.2,1
2017-06-02,"Sydney",0,16.6,50,61,1030.7,4
2017-06-03,"Sydney",0,17,50,76,1028.7,7
2017-06-04,"Sydney",2.2,17.8,33,75,1024.5,2
2017-06-05,"Sydney",0.2,20.4,26,46,1021.3,5
2017-06-06,"Sydney",0,17.7,56,52,1017.7,2
2017-06-07,"Sydney",33.4,17.5,74,96,1019.4,8
2017-06-08,"Sydney",41.6,17.6,69,92,1023.4,6
2017-06-09,"Sydney",7.2,18.6,57,71,1026.8,7
2017-06-10,"Sydney",15.6,17.9,46,78,1030.2,7
2017-06-11,"Sydney",2.4,17.6,28,91,1025.8,6
2017-06-12,"Sydney",0,20,41,83,1023.9,3
2017-06-13,"Sydney",0.2,17.5,54,78,1029.1,3
2017-06-14,"Sydney",0.4,18.4,33,81,1028.2,7
2017-06-15,"Sydney",0.2,21.8,37,68,1024.2,6
2017-06-16,"Sydney",0,18.1,31,85,1023.5,7
2017-06-17,"Sydney",0,17.8,44,86,1021.7,7
2017-06-18,"Sydney",1,17.2,61,78,1025.8,5
2017-06-19,"Sydney",0,17.4,57,82,1028.4,7
2017-06-20,"Sydney",1.6,18.4,33,71,1025.2,1
2017-06-21,"Sydney",0.2,18.6,56,67,1025.3,2
2017-06-22,"Sydney",0.2,17.8,35,70,1024.6,2
2017-06-23,"Sydney",0,19.4,30,57,1014.7,6
2017-06-24,"Sydney",0,19.9,43,41,1015.2,2
2017-06-25,"Sydney",0,19.5,46,42,1015.2,1
